"MouseName","MouseId","HumanName","HumanId","RatName","RatId","FlyName","FlyId","FishName","FishId","YeastName","YeastId","homologId","COSMIC","CGC","Study","PubMedId","Effect","CISAddress","Rank","Cancer","Studies"
"Acvr1",11477,"ACVR1",90,"Acvr1",79558,"sax",35731,"acvr1l",30615,NA,NA,7,FALSE,FALSE,"Rangel 2016-01",27849608,"N/A","2:58388644-58567157","C","Breast Cancer",4
"Gli3",14634,"GLI3",2737,"Gli3",140588,NA,NA,"gli3",403042,NA,NA,139,FALSE,FALSE,"Chen 2017-01",28251929,"N/A","13:15587067-15717158","D","Breast Cancer",4
"Nf1",18015,"NF1",4763,"Nf1",24592,"Nf1",43149,"nf1b",564518,NA,NA,226,FALSE,FALSE,"Chen 2017-01",28251929,"N/A","11:79311896-79571930","A","Breast Cancer",25
"Nf1",18015,"NF1",4763,"Nf1",24592,"Nf1",43149,"nf1b",564518,NA,NA,226,FALSE,FALSE,"Rangel 2016-01",27849608,"N/A","11:79357684-79492365","A","Breast Cancer",25
"Nf1",18015,"NF1",4763,"Nf1",24592,"Nf1",43149,"nf1b",564518,NA,NA,226,FALSE,FALSE,"Suarez-Cabrera 2017-01",28108518,"N/A","11:79339693-79581612","A","Breast Cancer",25
"Pex7",18634,"PEX7",5191,"Pex7",308718,"Pex7",38994,"pex7",541405,NA,NA,242,FALSE,FALSE,"Rangel 2016-01",27849608,"N/A","10:19859929-19907689","D","Breast Cancer",2
"Pten",19211,"PTEN",5728,"Pten",50557,"Pten",43991,"ptenb",368415,NA,NA,265,FALSE,FALSE,"Chen 2017-01",28251929,"N/A","19:32766130-32819468","A","Breast Cancer",45
"Pten",19211,"PTEN",5728,"Pten",50557,"Pten",43991,"ptenb",368415,NA,NA,265,FALSE,FALSE,"Rangel 2016-01",27849608,"N/A","19:32764039-32844122","A","Breast Cancer",45
"Pten",19211,"PTEN",5728,"Pten",50557,"Pten",43991,"ptenb",368415,NA,NA,265,FALSE,FALSE,"Suarez-Cabrera 2017-01",28108518,"N/A","19:32757497-32826160","B","Breast Cancer",45
"Atxn1",20238,"ATXN1",6310,"Atxn1",25049,NA,NA,"atxn1a",557340,NA,NA,281,FALSE,FALSE,"Rangel 2016-01",27849608,"N/A","13:45283290-46141985","A","Breast Cancer",7
"Cd44",12505,"CD44",960,"Cd44",25406,NA,NA,NA,NA,NA,NA,508,FALSE,FALSE,"Chen 2017-01",28251929,"N/A","2:102822308-102839841","C","Breast Cancer",10
"Cd44",12505,"CD44",960,"Cd44",25406,NA,NA,NA,NA,NA,NA,508,FALSE,FALSE,"Rangel 2016-01",27849608,"N/A","2:102811141-102901625","B","Breast Cancer",10
"Amfr",23802,"AMFR",267,"Amfr",361367,NA,NA,"amfr",406442,NA,NA,888,FALSE,FALSE,"Rangel 2016-01",27849608,"N/A","8:93971588-94012842","D","Breast Cancer",7
"Arhgap5",11855,"ARHGAP5",394,"Arhgap5",299012,NA,NA,"arhgap5",795752,NA,NA,907,FALSE,FALSE,"Rangel 2016-01",27849608,"N/A","12:52503577-52566834","B","Breast Cancer",16
"Cstf3",228410,"CSTF3",1479,"Cstf3",362178,"su(f)",3354994,"cstf3",406326,"RNA14",855083,1014,FALSE,FALSE,"Rangel 2016-01",27849608,"N/A","2:104590523-104665429","C","Breast Cancer",12
"Ahr",11622,"AHR",196,"Ahr",25690,NA,NA,"ahr1b",554265,NA,NA,1224,FALSE,FALSE,"Rangel 2016-01",27849608,"N/A","12:35497974-35535038","C","Breast Cancer",3
"Arnt",11863,"ARNT",405,"Arnt",25242,NA,NA,NA,NA,NA,NA,1261,FALSE,FALSE,"Rangel 2016-01",27849608,"N/A","3:95434388-95497237","C","Breast Cancer",9
"Cav1",12389,"CAV1",857,"Cav1",25404,NA,NA,"cav1",323695,NA,NA,1330,FALSE,FALSE,"Rangel 2016-01",27849608,"N/A","6:17306335-17341452","D","Breast Cancer",1
"Ctnna1",12385,"CTNNA1",1495,"Ctnna1",307505,NA,NA,NA,NA,NA,NA,1433,FALSE,FALSE,"Rangel 2016-01",27849608,"N/A","18:35118912-35254775","B","Breast Cancer",21
"Dmtn",13829,"DMTN",2039,"Dmtn",361069,NA,NA,"dmtn",565367,NA,NA,1496,FALSE,FALSE,"Rangel 2016-01",27849608,"N/A","14:70602184-70636048","D","Breast Cancer",3
"Fmr1",14265,"FMR1",2332,"Fmr1",24948,"Fmr1",37528,"fmr1",259191,NA,NA,1531,FALSE,FALSE,"Rangel 2016-01",27849608,"N/A","X:68678541-68717963","D","Breast Cancer",5
"Gab1",14388,"GAB1",2549,"Gab1",361388,NA,NA,"gab1",406666,NA,NA,1542,FALSE,FALSE,"Chen 2017-01",28251929,"N/A","8:80566143-81011092","D","Breast Cancer",11
"Gab1",14388,"GAB1",2549,"Gab1",361388,NA,NA,"gab1",406666,NA,NA,1542,FALSE,FALSE,"Rangel 2016-01",27849608,"N/A","8:80764438-80880519","C","Breast Cancer",11
"Gata3",14462,"GATA3",2625,"Gata3",85471,NA,NA,"gata3",30458,NA,NA,1550,FALSE,FALSE,"Suarez-Cabrera 2017-01",28108518,"N/A","2:9857078-9890034","B","Breast Cancer",1
"Gnaq",14682,"GNAQ",2776,"Gnaq",81666,NA,NA,"gnaq",570108,NA,NA,1566,FALSE,FALSE,"Chen 2017-01",28251929,"N/A","19:16175177-16335113","D","Breast Cancer",11
"Gnaq",14682,"GNAQ",2776,"Gnaq",81666,NA,NA,"gnaq",570108,NA,NA,1566,FALSE,FALSE,"Rangel 2016-01",27849608,"N/A","19:16193354-16250780","A","Breast Cancer",11
"Irf2",16363,"IRF2",3660,"Irf2",290749,NA,NA,"irf2",494071,NA,NA,1659,FALSE,FALSE,"Rangel 2016-01",27849608,"N/A","8:46739732-46847458","C","Breast Cancer",15
"Kpnb1",16211,"KPNB1",3837,"Kpnb1",24917,"Fs(2)Ket",35336,"kpnb1",570700,"KAP95",851061,1707,FALSE,FALSE,"Rangel 2016-01",27849608,"N/A","11:97159714-97187881","D","Breast Cancer",9
"Lrp6",16974,"LRP6",4040,"Lrp6",312781,"arr",44279,"lrp6",100003877,NA,NA,1747,FALSE,FALSE,"Chen 2017-01",28251929,"N/A","6:134519773-134556909","D","Breast Cancer",11
"Max",17187,"MAX",4149,"Max",60661,NA,NA,"max",30467,NA,NA,1786,FALSE,FALSE,"Rangel 2016-01",27849608,"N/A","12:76937269-76962248","C","Breast Cancer",4
"Ppp1r12a",17931,"PPP1R12A",4659,NA,NA,NA,NA,"ppp1r12a",445393,NA,NA,1855,FALSE,FALSE,"Chen 2017-01",28251929,"N/A","10:107709073-108948261","D","Breast Cancer",23
"Ppp1r12a",17931,"PPP1R12A",4659,NA,NA,NA,NA,"ppp1r12a",445393,NA,NA,1855,FALSE,FALSE,"Rangel 2016-01",27849608,"N/A","10:108162400-108277575","C","Breast Cancer",23
"Nfix",18032,"NFIX",4784,"Nfix",81524,NA,NA,"nfixa",555669,NA,NA,1872,FALSE,FALSE,"Rangel 2016-01",27849608,"N/A","8:84699876-84800344","C","Breast Cancer",8
"P2ry2",18442,"P2RY2",5029,"P2ry2",29597,NA,NA,NA,NA,NA,NA,1927,FALSE,FALSE,"Chen 2017-01",28251929,"N/A","7:99882529-101359704","C","Breast Cancer",2
"Pak1",18479,"PAK1",5058,"Pak1",29431,"Pak",44039,"pak1",373103,"STE20",856382,1936,FALSE,FALSE,"Rangel 2016-01",27849608,"N/A","7:97795068-97885426","B","Breast Cancer",5
"Ppm1b",19043,"PPM1B",5495,"Ppm1b",24667,"alph",43481,"ppm1ba",30672,NA,NA,2027,FALSE,FALSE,"Chen 2017-01",28251929,"N/A","17:84976916-85035379","B","Breast Cancer",15
"Prkd3",75292,"PRKD3",23683,"Prkd3",313834,"PKD",42203,"prkd3",557337,NA,NA,2055,FALSE,FALSE,"Chen 2017-01",28251929,"N/A","17:78979750-79006117","C","Breast Cancer",4
"Prkd3",75292,"PRKD3",23683,"Prkd3",313834,"PKD",42203,"prkd3",557337,NA,NA,2055,FALSE,FALSE,"Rangel 2016-01",27849608,"N/A","17:78949405-79020816","C","Breast Cancer",4
"Ptpn11",19247,"PTPN11",5781,"Ptpn11",25622,"csw",45278,"ptpn11a",333979,NA,NA,2122,FALSE,FALSE,"Rangel 2016-01",27849608,"N/A","5:121130533-121191397","D","Breast Cancer",3
"Ptprg",19270,"PTPRG",5793,"Ptprg",171357,NA,NA,"ptprga",561197,NA,NA,2129,FALSE,FALSE,"Rangel 2016-01",27849608,"N/A","14:11394593-12535106","A","Breast Cancer",6
"Rasa1",218397,"RASA1",5921,"Rasa1",25676,"vap",32569,"rasa1a",100002155,NA,NA,2168,FALSE,FALSE,"Chen 2017-01",28251929,"N/A","13:85221038-85249533","D","Breast Cancer",16
"Rasa1",218397,"RASA1",5921,"Rasa1",25676,"vap",32569,"rasa1a",100002155,NA,NA,2168,FALSE,FALSE,"Rangel 2016-01",27849608,"N/A","13:85202167-85293303","A","Breast Cancer",16
"Rasa1",218397,"RASA1",5921,"Rasa1",25676,"vap",32569,"rasa1a",100002155,NA,NA,2168,FALSE,FALSE,"Suarez-Cabrera 2017-01",28108518,"N/A","13:85214780-85289029","B","Breast Cancer",16
"Atxn2",20239,"ATXN2",6311,"Atxn2",288663,NA,NA,"atxn2",569210,NA,NA,2234,FALSE,FALSE,"Rangel 2016-01",27849608,"N/A","5:121711337-121816493","C","Breast Cancer",15
"Sptbn1",20742,"SPTBN1",6711,"Sptbn1",305614,"beta-Spec",32746,"sptb",58040,NA,NA,2354,FALSE,FALSE,"Rangel 2016-01",27849608,"N/A","11:30099395-30268175","C","Breast Cancer",17
"Tead1",21676,"TEAD1",7003,"Tead1",361630,"sd",32536,"LOC100537467",100537467,NA,NA,2418,FALSE,FALSE,"Rangel 2016-01",27849608,"N/A","7:112679318-112906807","B","Breast Cancer",12
"Tead1",21676,"TEAD1",7003,"Tead1",361630,"sd",32536,"LOC100537467",100537467,NA,NA,2418,FALSE,FALSE,"Suarez-Cabrera 2017-01",28108518,"N/A","7:112679318-112906807","B","Breast Cancer",12
"Tgfbr3",21814,"TGFBR3",7049,"Tgfbr3",29610,NA,NA,"tgfbr3",100332594,NA,NA,2436,FALSE,FALSE,"Rangel 2016-01",27849608,"N/A","5:107106570-107289629","B","Breast Cancer",2
"Top1",21969,"TOP1",7150,"Top1",64550,"Top1",32458,"top1l",553496,"TOP1",854156,2467,FALSE,FALSE,"Rangel 2016-01",27849608,"N/A","2:160645888-160722764","C","Breast Cancer",15
"Nr2c2",22026,"NR2C2",7182,"Nr2c2",50659,NA,NA,"nr2c2",569321,NA,NA,2475,FALSE,FALSE,"Rangel 2016-01",27849608,"N/A","6:92091390-92174294","C","Breast Cancer",11
"Axin1",12005,"AXIN1",8312,"Axin1",79257,NA,NA,"axin1",57931,NA,NA,2614,FALSE,FALSE,"Rangel 2016-01",27849608,"N/A","17:26132271-26190449","A","Breast Cancer",14
"Cul3",26554,"CUL3",8452,"Cul3",301555,"Cul-3",34896,"cul3b",572370,NA,NA,2661,FALSE,FALSE,"Suarez-Cabrera 2017-01",28108518,"N/A","1:80264923-80340480","B","Breast Cancer",10
"Pkp4",227937,"PKP4",8502,"Pkp4",295625,NA,NA,"pkp4",561566,NA,NA,2689,FALSE,FALSE,"Rangel 2016-01",27849608,"N/A","2:59203263-59320529","B","Breast Cancer",9
"Cggbp1",106143,"CGGBP1",8545,"Cggbp1",288353,NA,NA,NA,NA,NA,NA,2718,FALSE,FALSE,"Chen 2017-01",28251929,"N/A","16:64801659-64837088","C","Breast Cancer",7
"Cask",12361,"CASK",8573,"Cask",29647,"CASK",42567,"caska",259195,NA,NA,2736,FALSE,FALSE,"Rangel 2016-01",27849608,"N/A","X:13332245-13882888","A","Breast Cancer",9
"Fam193a",231128,"FAM193A",8603,"Fam193a",305452,NA,NA,"LOC100534836",100534836,NA,NA,2746,FALSE,FALSE,"Chen 2017-01",28251929,"N/A","5:34378799-34459008","A","Breast Cancer",15
"Mbtps1",56453,"MBTPS1",8720,"Mbtps1",89842,"S1P",40399,"mbtps1",326710,NA,NA,2808,FALSE,FALSE,"Chen 2017-01",28251929,"N/A","8:119556489-119564449","B","Breast Cancer",7
"Mbd2",17191,"MBD2",8932,"Mbd2",680172,"MBD-like",41151,"mbd2",337105,NA,NA,2918,FALSE,FALSE,"Rangel 2016-01",27849608,"N/A","18:70568189-70626131","D","Breast Cancer",9
"Uba3",22200,"UBA3",9039,"Uba3",117553,"Uba3",36539,"uba3",406776,NA,NA,2951,FALSE,FALSE,"Rangel 2016-01",27849608,"N/A","6:97076953-97329030","A","Breast Cancer",4
"Spag9",70834,"SPAG9",9043,"Spag9",360600,"syd",43905,"LOC100333761",100333761,NA,NA,2954,FALSE,FALSE,"Rangel 2016-01",27849608,"N/A","11:94025303-94070308","B","Breast Cancer",9
"Nfkb1",18033,"NFKB1",4790,"Nfkb1",81736,NA,NA,NA,NA,NA,NA,2971,FALSE,FALSE,"Rangel 2016-01",27849608,"N/A","3:135584655-135691547","C","Breast Cancer",14
"Osmr",18414,"OSMR",9180,"Osmr",310132,NA,NA,NA,NA,NA,NA,2972,FALSE,FALSE,"Rangel 2016-01",27849608,"N/A","15:6813577-6874969","D","Breast Cancer",2
"Cops2",12848,NA,NA,"Cops2",261736,"alien",34225,"cops2",415145,NA,NA,3124,FALSE,FALSE,"Rangel 2016-01",27849608,"N/A","2:125830304-125859139","D","Breast Cancer",3
"Jmjd1c",108829,"JMJD1C",221037,"Jmjd1c",171120,NA,NA,"jmjd1cb",558436,NA,NA,3129,FALSE,FALSE,"Chen 2017-01",28251929,"N/A","10:67068639-67286665","C","Breast Cancer",15
"Jmjd1c",108829,"JMJD1C",221037,"Jmjd1c",171120,NA,NA,"jmjd1cb",558436,NA,NA,3129,FALSE,FALSE,"Rangel 2016-01",27849608,"N/A","10:67146765-67242978","A","Breast Cancer",15
"Bcr",110279,"BCR",613,"Bcr",309696,NA,NA,"bcr",568320,NA,NA,3192,FALSE,FALSE,"Chen 2017-01",28251929,"N/A","10:75032035-75078602","D","Breast Cancer",5
"Ube2r2",67615,"UBE2R2",54926,"LOC689226",689226,"CG7656",39691,"ube2r2",436873,"CDC34",851624,3210,FALSE,FALSE,"Rangel 2016-01",27849608,"N/A","4:41135743-41193380","D","Breast Cancer",9
"Stau1",20853,"STAU1",6780,"Stau1",84496,NA,NA,NA,NA,NA,NA,3384,FALSE,FALSE,"Chen 2017-01",28251929,"N/A","2:166972075-166987031","D","Breast Cancer",7
"Stau1",20853,"STAU1",6780,"Stau1",84496,NA,NA,NA,NA,NA,NA,3384,FALSE,FALSE,"Rangel 2016-01",27849608,"N/A","2:166810081-167110586","A","Breast Cancer",7
"Xpc",22591,"XPC",7508,"Xpc",312560,NA,NA,"xpc",541386,NA,NA,3401,FALSE,FALSE,"Rangel 2016-01",27849608,"N/A","6:91489305-91515888","D","Breast Cancer",1
"Nemf",66244,"NEMF",9147,"Nemf",100322884,"Clbn",43018,NA,NA,NA,NA,3458,FALSE,FALSE,"Rangel 2016-01",27849608,"N/A","12:69311544-69357176","D","Breast Cancer",5
"Etf1",225363,"ETF1",2107,"Etf1",307503,"eRF1",40240,"etf1",266989,"SUP45",852440,3475,FALSE,FALSE,"Rangel 2016-01",27849608,"N/A","18:34902785-34932007","D","Breast Cancer",9
"Cyp7b1",13123,"CYP7B1",9420,"Cyp7b1",25429,NA,NA,"LOC570455",570455,NA,NA,3544,FALSE,FALSE,"Rangel 2016-01",27849608,"N/A","3:18071950-18243338","B","Breast Cancer",2
"Cir1",66935,"CIR1",9541,"Cir1",362149,NA,NA,"si:ch73-167c12.2",553421,NA,NA,3589,FALSE,FALSE,"Rangel 2016-01",27849608,"N/A","2:73283105-73312701","D","Breast Cancer",1
"Capzb",12345,"CAPZB",832,"Capzb",298584,"cpb",33346,"capzb",335083,"CAP2",854777,3620,FALSE,FALSE,"Rangel 2016-01",27849608,"N/A","4:139192899-139291818","D","Breast Cancer",10
"Ror1",26563,"ROR1",4919,"Ror1",362550,"Ror",34367,"ror1",568282,NA,NA,3675,FALSE,FALSE,"Chen 2017-01",28251929,"N/A","4:100149362-100434085","D","Breast Cancer",1
"Usp8",84092,"USP8",9101,"Usp8",296121,"Ubpy",42509,"usp8",565434,NA,NA,3782,FALSE,FALSE,"Rangel 2016-01",27849608,"N/A","2:126707328-126759297","D","Breast Cancer",2
"Cbl",12402,"CBL",867,"Cbl",500985,NA,NA,"cbl",492364,NA,NA,3802,FALSE,FALSE,"Rangel 2016-01",27849608,"N/A","9:44142976-44234049","D","Breast Cancer",10
"St5",76954,"ST5",6764,"St5",308944,NA,NA,"st5",323827,NA,NA,3951,FALSE,FALSE,"Chen 2017-01",28251929,"N/A","7:109541330-109611756","C","Breast Cancer",8
"St5",76954,"ST5",6764,"St5",308944,NA,NA,"st5",323827,NA,NA,3951,FALSE,FALSE,"Rangel 2016-01",27849608,"N/A","7:109523920-109703605","C","Breast Cancer",8
"Sncaip",67847,"SNCAIP",9627,"Sncaip",307309,NA,NA,"zgc:172291",796993,NA,NA,3987,FALSE,FALSE,"Rangel 2016-01",27849608,"N/A","18:52767709-52915935","C","Breast Cancer",1
"Lpp",210126,"LPP",4026,"Lpp",288010,NA,NA,"lpp",573024,NA,NA,4075,FALSE,FALSE,"Chen 2017-01",28251929,"N/A","16:24561233-24660941","B","Breast Cancer",14
"Lpp",210126,"LPP",4026,"Lpp",288010,NA,NA,"lpp",573024,NA,NA,4075,FALSE,FALSE,"Rangel 2016-01",27849608,"N/A","16:24489580-25053521","A","Breast Cancer",14
"Mef2a",17258,"MEF2A",4205,"Mef2a",309957,NA,NA,"mef2aa",30564,NA,NA,4080,FALSE,FALSE,"Chen 2017-01",28251929,"N/A","7:66765694-68074906","D","Breast Cancer",15
"Mef2a",17258,"MEF2A",4205,"Mef2a",309957,NA,NA,"mef2aa",30564,NA,NA,4080,FALSE,FALSE,"Rangel 2016-01",27849608,"N/A","7:67231163-67372858","B","Breast Cancer",15
"Nfia",18027,"NFIA",4774,"Nfia",25492,NA,NA,"nfia",556665,NA,NA,4086,FALSE,FALSE,"Rangel 2016-01",27849608,"N/A","4:97779224-97989223","B","Breast Cancer",16
"Nfib",18028,"NFIB",4781,"Nfib",29227,NA,NA,NA,NA,NA,NA,4087,FALSE,FALSE,"Rangel 2016-01",27849608,"N/A","4:82413306-82492002","B","Breast Cancer",17
"Nfib",18028,"NFIB",4781,"Nfib",29227,NA,NA,NA,NA,NA,NA,4087,FALSE,FALSE,"Suarez-Cabrera 2017-01",28108518,"N/A","4:82290173-82705750","A","Breast Cancer",17
"Tbl1x",21372,"TBL1X",6907,"Tbl1x",302711,"ebi",33212,"tbl1x",560294,NA,NA,4128,FALSE,FALSE,"Rangel 2016-01",27849608,"N/A","X:77570801-77614930","C","Breast Cancer",12
"Tcf20",21411,"TCF20",6942,"Tcf20",366964,NA,NA,NA,NA,NA,NA,4131,FALSE,FALSE,"Rangel 2016-01",27849608,"N/A","15:82808629-82912134","C","Breast Cancer",11
"Psmd14",59029,"PSMD14",10213,"Psmd14",311078,"Rpn11",33738,"psmd14",799058,"RPN11",850554,4240,FALSE,FALSE,"Rangel 2016-01",27849608,"N/A","2:61641163-61843049","A","Breast Cancer",7
"Smad5",17129,"SMAD5",4090,"Smad5",59328,NA,NA,"smad5",30641,NA,NA,4313,FALSE,FALSE,"Rangel 2016-01",27849608,"N/A","13:56703010-56742377","D","Breast Cancer",5
"Hnrnpm",76936,"HNRNPM",4670,"Hnrnpm",116655,NA,NA,NA,NA,NA,NA,4354,FALSE,FALSE,"Rangel 2016-01",27849608,"N/A","17:33646233-33686860","D","Breast Cancer",15
"Yap1",22601,"YAP1",10413,NA,NA,NA,NA,"yap1",561411,NA,NA,4452,FALSE,FALSE,"Chen 2017-01",28251929,"N/A","9:7866380-7992741","D","Breast Cancer",7
"Ms4a3",170813,"MS4A3",932,"Ms4a3",293753,NA,NA,NA,NA,NA,NA,4472,FALSE,FALSE,"Rangel 2016-01",27849608,"N/A","19:11629496-11640851","D","Breast Cancer",1
"Ralgds",19730,"RALGDS",5900,"Ralgds",29622,NA,NA,"si:ch211-251j10.3",799483,NA,NA,4562,FALSE,FALSE,"Rangel 2016-01",27849608,"N/A","2:28513125-28553081","D","Breast Cancer",2
"Slc30a9",109108,"SLC30A9",10463,"Slc30a9",498358,"CG8632",36393,"slc30a9",497184,NA,NA,4627,FALSE,FALSE,"Rangel 2016-01",27849608,"N/A","5:67306955-67358443","D","Breast Cancer",4
"Syncrip",56403,"SYNCRIP",10492,NA,NA,NA,NA,"syncrip",326663,NA,NA,4648,FALSE,FALSE,"Rangel 2016-01",27849608,"N/A","9:88447009-88482574","C","Breast Cancer",13
"Ipo7",233726,"IPO7",10527,"Ipo7",308939,"msk",44747,"ipo7",321739,"NMD5",853596,4659,FALSE,FALSE,"Rangel 2016-01",27849608,"N/A","7:110035315-110062407","B","Breast Cancer",13
"Ncoa3",17979,"NCOA3",8202,"Ncoa3",84584,NA,NA,"ncoa3",564519,NA,NA,4764,FALSE,FALSE,"Chen 2017-01",28251929,"N/A","2:165950411-166106087","D","Breast Cancer",9
"Usp3",235441,"USP3",9960,"Usp3",363084,NA,NA,"usp3",569679,NA,NA,4766,FALSE,FALSE,"Rangel 2016-01",27849608,"N/A","9:66514637-66593142","D","Breast Cancer",11
"Zmynd11",66505,"ZMYND11",10771,"Zmynd11",291259,NA,NA,"zmynd11",553781,NA,NA,4828,FALSE,FALSE,"Chen 2017-01",28251929,"N/A","13:9715455-9752944","B","Breast Cancer",10
"Frs2",327826,"FRS2",10818,"Frs2",314850,NA,NA,"frs2a",559479,NA,NA,4846,FALSE,FALSE,"Rangel 2016-01",27849608,"N/A","10:117092614-117161693","B","Breast Cancer",14
"Kat6a",244349,"KAT6A",7994,"Kat6a",306571,NA,NA,NA,NA,NA,NA,4924,FALSE,FALSE,"Chen 2017-01",28251929,"N/A","8:22888416-22936897","C","Breast Cancer",19
"Kat6a",244349,"KAT6A",7994,"Kat6a",306571,NA,NA,NA,NA,NA,NA,4924,FALSE,FALSE,"Rangel 2016-01",27849608,"N/A","8:22859535-22943259","C","Breast Cancer",19
"Tomm34",67145,"TOMM34",10953,"Tomm34",311621,NA,NA,"tomm34",323361,NA,NA,4956,FALSE,FALSE,"Rangel 2016-01",27849608,"N/A","2:164053540-164071169","D","Breast Cancer",3
"Tlk2",24086,"TLK2",11011,"Tlk2",303592,"tlk",318206,"tlk2",407732,NA,NA,4993,FALSE,FALSE,"Rangel 2016-01",27849608,"N/A","11:105178807-105283959","C","Breast Cancer",9
"Elf2",69257,"ELF2",1998,"Elf2",361944,NA,NA,"elf2b",387534,NA,NA,5006,FALSE,FALSE,"Rangel 2016-01",27849608,"N/A","3:51252720-51340663","C","Breast Cancer",13
"Sdf2",20316,"SDF2",6388,"Sdf2",287470,"CG11999",40637,"sdf2",336879,NA,NA,5045,FALSE,FALSE,"Rangel 2016-01",27849608,"N/A","11:78245746-78255496","D","Breast Cancer",2
"Ubl3",24109,"UBL3",5412,"Ubl3",363869,"UBL3",32541,"ubl3a",324710,NA,NA,5153,FALSE,FALSE,"Rangel 2016-01",27849608,"N/A","5:148504635-148552789","D","Breast Cancer",6
"Tnpo1",238799,"TNPO1",3842,"Tnpo1",309126,"Trn",38721,"tnpo1",562607,NA,NA,5358,FALSE,FALSE,"Rangel 2016-01",27849608,"N/A","13:98839019-98926384","C","Breast Cancer",19
"Copb1",70349,"COPB1",1315,"Copb1",114023,"betaCop",32820,"copb1",338138,"SEC26",851824,5664,FALSE,FALSE,"Rangel 2016-01",27849608,"N/A","7:114215559-114254711","D","Breast Cancer",10
"Gfm2",320806,"GFM2",84340,"Gfm2",294672,"EF-G2",42670,"gfm2",558184,"MEF2",853342,6238,FALSE,FALSE,"Rangel 2016-01",27849608,"N/A","13:97137937-97181195","D","Breast Cancer",2
"Xpnpep1",170750,"XPNPEP1",7511,"Xpnpep1",170751,"ApepP",35029,"xpnpep1",406253,"FRA1",850630,6424,FALSE,FALSE,"Rangel 2016-01",27849608,"N/A","19:52929152-53213060","A","Breast Cancer",4
"Metap1",75624,"METAP1",23173,"Metap1",295500,"CG13630",42943,"metap1",503783,"MAP1",850945,6488,FALSE,FALSE,"Rangel 2016-01",27849608,"N/A","3:138458956-138489515","D","Breast Cancer",4
"Usp6nl",98910,"USP6NL",9712,"Usp6nl",291309,NA,NA,NA,NA,NA,NA,6879,FALSE,FALSE,"Rangel 2016-01",27849608,"N/A","2:6322667-6446390","C","Breast Cancer",11
"Slc39a9",328133,"SLC39A9",55334,"Slc39a9",314275,"CG2177",43786,"slc39a9",541413,NA,NA,6935,FALSE,FALSE,"Rangel 2016-01",27849608,"N/A","12:80644215-80683341","D","Breast Cancer",3
"Trit1",66966,"TRIT1",54802,"Trit1",362586,"CG31381",192528,"trit1",553523,"MOD5",854448,7010,FALSE,FALSE,"Rangel 2016-01",27849608,"N/A","4:123016597-123054949","D","Breast Cancer",6
"Psen1",19164,"PSEN1",5663,"Psen1",29192,NA,NA,"psen1",30221,NA,NA,7186,FALSE,FALSE,"Rangel 2016-01",27849608,"N/A","12:83688203-83735199","C","Breast Cancer",7
"Mtf2",17765,"MTF2",22823,"Mtf2",360905,NA,NA,"mtf2",692292,NA,NA,7207,FALSE,FALSE,"Rangel 2016-01",27849608,"N/A","5:108065674-108109004","C","Breast Cancer",6
"Raly",19383,"RALY",22913,"Raly",296301,NA,NA,"raly",402903,NA,NA,7216,FALSE,FALSE,"Rangel 2016-01",27849608,"N/A","2:154791096-154867261","C","Breast Cancer",17
"Birc6",12211,"BIRC6",57448,"Birc6",313876,"Bruce",41260,"birc6",796547,NA,NA,7248,FALSE,FALSE,"Rangel 2016-01",27849608,"N/A","17:73753334-75456759","A","Breast Cancer",16
"Elf1",13709,"ELF1",1997,"Elf1",85424,NA,NA,"ef1",30396,NA,NA,7303,FALSE,FALSE,"Rangel 2016-01",27849608,"N/A","14:79481194-79582476","C","Breast Cancer",11
"Lrig1",16206,"LRIG1",26018,"Lrig1",312574,NA,NA,"lrig1",560325,NA,NA,7380,FALSE,FALSE,"Rangel 2016-01",27849608,"N/A","6:94604529-94700158","C","Breast Cancer",14
"Ktn1",16709,NA,NA,"Ktn1",361029,NA,NA,NA,NA,NA,NA,7397,FALSE,FALSE,"Chen 2017-01",28251929,"N/A","14:47664825-47781525","D","Breast Cancer",6
"Ktn1",16709,NA,NA,"Ktn1",361029,NA,NA,NA,NA,NA,NA,7397,FALSE,FALSE,"Rangel 2016-01",27849608,"N/A","14:47648448-47736564","C","Breast Cancer",6
"Rai1",19377,"RAI1",10743,"Rai1",303188,NA,NA,NA,NA,NA,NA,7508,FALSE,FALSE,"Rangel 2016-01",27849608,"N/A","11:60105013-60199197","C","Breast Cancer",12
"Tcf7l2",21416,"TCF7L2",6934,"Tcf7l2",679869,NA,NA,"tcf7l2",30510,NA,NA,7564,FALSE,FALSE,"Rangel 2016-01",27849608,"N/A","19:55782902-55943804","B","Breast Cancer",13
"Kdm6a",22289,"KDM6A",7403,"Kdm6a",100310845,"Utx",34377,"kdm6a",569277,NA,NA,7586,FALSE,FALSE,"Rangel 2016-01",27849608,"N/A","X:18162575-18279936","B","Breast Cancer",27
"Adnp",11538,"ADNP",23394,"Adnp",64622,NA,NA,"adnp",100330315,NA,NA,7617,FALSE,FALSE,"Rangel 2016-01",27849608,"N/A","2:168177037-168221278","C","Breast Cancer",14
"Fem1b",14155,"FEM1B",10116,"Fem1b",315745,"Fem-1",37344,"fem1b",567119,NA,NA,7714,FALSE,FALSE,"Rangel 2016-01",27849608,"N/A","9:62791832-62811648","D","Breast Cancer",2
"Ikbkb",16150,"IKBKB",3551,"Ikbkb",84351,NA,NA,"ikbkb",563560,NA,NA,7782,FALSE,FALSE,"Rangel 2016-01",27849608,"N/A","8:22659212-22706589","D","Breast Cancer",1
"Matr3",17184,"MATR3",9782,"Matr3",29150,NA,NA,NA,NA,NA,NA,7830,FALSE,FALSE,"Chen 2017-01",28251929,"N/A","18:35568577-35612057","A","Breast Cancer",15
"Matr3",17184,"MATR3",9782,"Matr3",29150,NA,NA,NA,NA,NA,NA,7830,FALSE,FALSE,"Rangel 2016-01",27849608,"N/A","18:35562146-35593835","D","Breast Cancer",15
"Mid1",17318,"MID1",4281,"Mid1",54252,NA,NA,"mid1",100330952,NA,NA,7837,FALSE,FALSE,"Rangel 2016-01",27849608,"N/A","X:169740159-169991734","B","Breast Cancer",7
"Ncoa1",17977,"NCOA1",8648,"Ncoa1",313929,NA,NA,NA,NA,NA,NA,7859,FALSE,FALSE,"Chen 2017-01",28251929,"N/A","12:4209296-4615026","D","Breast Cancer",9
"Ncoa1",17977,"NCOA1",8648,"Ncoa1",313929,NA,NA,NA,NA,NA,NA,7859,FALSE,FALSE,"Rangel 2016-01",27849608,"N/A","12:4247363-4477182","B","Breast Cancer",9
"Pdcd4",18569,"PDCD4",27250,"Pdcd4",64031,"Pdcd4",32337,"pdcd4b",321061,NA,NA,7879,FALSE,FALSE,"Rangel 2016-01",27849608,"N/A","19:53892231-53929861","D","Breast Cancer",7
"Pik3r1",18708,"PIK3R1",5295,"Pik3r1",25513,NA,NA,"pik3r1",557176,NA,NA,7889,FALSE,FALSE,"Chen 2017-01",28251929,"N/A","13:101594996-101802848","D","Breast Cancer",17
"Ptgfrn",19221,"PTGFRN",5738,"Ptgfrn",29602,NA,NA,"si:ch211-132g1.7",101884699,NA,NA,7908,FALSE,FALSE,"Rangel 2016-01",27849608,"N/A","3:101040232-101110278","C","Breast Cancer",1
"Traf3",22031,"TRAF3",7187,"Traf3",362788,NA,NA,"traf3",445119,NA,NA,7981,FALSE,FALSE,"Rangel 2016-01",27849608,"N/A","12:111166370-111267153","C","Breast Cancer",6
"Zfr",22763,"ZFR",51663,"Zfr",365703,"Zn72D",39764,"zfr",321659,NA,NA,8009,FALSE,FALSE,"Suarez-Cabrera 2017-01",28108518,"N/A","15:12117831-12185683","C","Breast Cancer",14
"Dmtf1",23857,"DMTF1",9988,NA,NA,NA,NA,"dmtf1",436938,NA,NA,8017,FALSE,FALSE,"Rangel 2016-01",27849608,"N/A","5:9118801-9161776","C","Breast Cancer",5
"Orc4",26428,"ORC4",5000,"Orc4",295596,"Orc4",37970,"orc4",406462,NA,NA,8059,FALSE,FALSE,"Rangel 2016-01",27849608,"N/A","2:48877944-48947913","B","Breast Cancer",5
"Brd7",26992,"BRD7",29117,NA,NA,NA,NA,"brd7",406675,NA,NA,8085,FALSE,FALSE,"Rangel 2016-01",27849608,"N/A","8:88301568-88385496","B","Breast Cancer",3
"Rere",68703,"RERE",473,"Rere",116665,NA,NA,"rerea",569081,NA,NA,8101,FALSE,FALSE,"Chen 2017-01",28251929,"N/A","4:150436282-150471132","A","Breast Cancer",17
"Rere",68703,"RERE",473,"Rere",116665,NA,NA,"rerea",569081,NA,NA,8101,FALSE,FALSE,"Rangel 2016-01",27849608,"N/A","4:150244236-150521001","A","Breast Cancer",17
"Usp25",30940,"USP25",29761,"Usp25",304150,NA,NA,"usp25",406790,NA,NA,8374,FALSE,FALSE,"Rangel 2016-01",27849608,"N/A","16:77014069-77116779","C","Breast Cancer",7
"Clic4",29876,"CLIC4",25932,"Clic4",83718,NA,NA,"clic4",368255,NA,NA,8490,FALSE,FALSE,"Rangel 2016-01",27849608,"N/A","4:135213969-135272814","D","Breast Cancer",9
"Rnf19a",30945,"RNF19A",25897,"Rnf19a",362900,NA,NA,"LOC557995",557995,NA,NA,8501,FALSE,FALSE,"Rangel 2016-01",27849608,"N/A","15:36239934-36283147","D","Breast Cancer",4
"Trps1",83925,"TRPS1",7227,"Trps1",299897,NA,NA,"trps1",795613,NA,NA,8556,FALSE,FALSE,"Chen 2017-01",28251929,"N/A","15:50813820-50876105","B","Breast Cancer",4
"Trps1",83925,"TRPS1",7227,"Trps1",299897,NA,NA,"trps1",795613,NA,NA,8556,FALSE,FALSE,"Rangel 2016-01",27849608,"N/A","15:50743879-50852702","A","Breast Cancer",4
"Zc3h7a",106205,"ZC3H7A",29066,"Zc3h7a",360466,NA,NA,"zc3h7a",406743,NA,NA,8563,FALSE,FALSE,"Rangel 2016-01",27849608,"N/A","16:11136592-11176393","D","Breast Cancer",7
"Zbtb11",271377,"ZBTB11",27107,"Zbtb11",304010,NA,NA,"si:dkey-98p3.1",555217,NA,NA,8678,FALSE,FALSE,"Rangel 2016-01",27849608,"N/A","16:55973883-56008913","C","Breast Cancer",5
"Arfip1",99889,"ARFIP1",27236,"Arfip1",60382,NA,NA,"arfip1",100003895,NA,NA,8692,FALSE,FALSE,"Chen 2017-01",28251929,"N/A","3:84822775-84975726","A","Breast Cancer",15
"Arfip1",99889,"ARFIP1",27236,"Arfip1",60382,NA,NA,"arfip1",100003895,NA,NA,8692,FALSE,FALSE,"Rangel 2016-01",27849608,"N/A","3:84838431-84891433","B","Breast Cancer",15
"R3hcc1l",52013,"R3HCC1L",27291,"R3hcc1l",293953,NA,NA,NA,NA,NA,NA,8707,FALSE,FALSE,"Rangel 2016-01",27849608,"N/A","19:42523500-42555943","B","Breast Cancer",8
"Lrig2",269473,"LRIG2",9860,"Lrig2",310753,NA,NA,"lrig2",571101,NA,NA,8882,FALSE,FALSE,"Chen 2017-01",28251929,"N/A","3:104341926-104616553","C","Breast Cancer",5
"Tecpr2",104859,"TECPR2",9895,"Tecpr2",314456,NA,NA,"tecpr2",569212,NA,NA,8897,FALSE,FALSE,"Chen 2017-01",28251929,"N/A","12:109651304-111119049","D","Breast Cancer",3
"Helz",78455,"HELZ",9931,"Helz",287773,NA,NA,"helz",406550,NA,NA,8918,FALSE,FALSE,"Rangel 2016-01",27849608,"N/A","11:107547930-107693826","B","Breast Cancer",4
"Chsy1",269941,"CHSY1",22856,"Chsy1",292999,"CG9220",32497,"chsy1",324407,NA,NA,8950,FALSE,FALSE,"Rangel 2016-01",27849608,"N/A","7:66109515-66173798","C","Breast Cancer",3
"Fndc3a",319448,"FNDC3A",22862,"Fndc3a",306022,"CG42389",34987,NA,NA,NA,NA,8952,FALSE,FALSE,"Chen 2017-01",28251929,"N/A","14:72599482-72607134","D","Breast Cancer",7
"R3hdm2",71750,"R3HDM2",22864,"R3hdm2",362894,NA,NA,"r3hdm2",100330669,NA,NA,8954,FALSE,FALSE,"Rangel 2016-01",27849608,"N/A","10:127380327-127499384","C","Breast Cancer",5
"Tmcc1",330401,"TMCC1",23023,"Tmcc1",312654,NA,NA,"tmcc1b",563581,NA,NA,8995,FALSE,FALSE,"Rangel 2016-01",27849608,"N/A","6:116018611-116193486","B","Breast Cancer",10
"Zhx3",320799,"ZHX3",23051,"Zhx3",311604,NA,NA,NA,NA,NA,NA,9000,FALSE,FALSE,"Rangel 2016-01",27849608,"N/A","2:160585846-161045076","A","Breast Cancer",6
"Tab2",68652,"TAB2",23118,"Tab2",308267,NA,NA,NA,NA,NA,NA,9019,FALSE,FALSE,"Rangel 2016-01",27849608,"N/A","10:7905653-7956230","D","Breast Cancer",14
"Asxl1",228790,"ASXL1",171023,"Asxl1",311553,NA,NA,NA,NA,NA,NA,9098,FALSE,FALSE,"Chen 2017-01",28251929,"N/A","2:153389475-153397111","D","Breast Cancer",14
"Hectd1",207304,"HECTD1",25831,"Hectd1",362736,"CG5604",34378,"hectd1",100002034,NA,NA,9115,FALSE,FALSE,"Chen 2017-01",28251929,"N/A","12:51760954-51803227","C","Breast Cancer",14
"Hectd1",207304,"HECTD1",25831,"Hectd1",362736,"CG5604",34378,"hectd1",100002034,NA,NA,9115,FALSE,FALSE,"Rangel 2016-01",27849608,"N/A","12:51752613-51797426","B","Breast Cancer",14
"Kansl1",76719,"KANSL1",284058,"Kansl1",360642,NA,NA,"LOC567884",567884,NA,NA,9140,FALSE,FALSE,"Chen 2017-01",28251929,"N/A","11:104334026-104508053","D","Breast Cancer",20
"Kansl1",76719,"KANSL1",284058,"Kansl1",360642,NA,NA,"LOC567884",567884,NA,NA,9140,FALSE,FALSE,"Rangel 2016-01",27849608,"N/A","11:104333501-104468861","B","Breast Cancer",20
"Setbp1",240427,"SETBP1",26040,"Setbp1",291423,NA,NA,"setbp1",796785,NA,NA,9192,FALSE,FALSE,"Rangel 2016-01",27849608,"N/A","18:78785035-79073179","A","Breast Cancer",3
"Senp6",215351,"SENP6",26054,"Senp6",300860,NA,NA,"senp6a",503939,NA,NA,9196,FALSE,FALSE,"Rangel 2016-01",27849608,"N/A","9:80059822-80149628","B","Breast Cancer",15
"Trpc4ap",56407,"TRPC4AP",26133,"Trpc4ap",362247,NA,NA,"trpc4apa",58090,NA,NA,9224,FALSE,FALSE,"Rangel 2016-01",27849608,"N/A","2:155634271-155692384","D","Breast Cancer",9
"Trim33",94093,"TRIM33",51592,"Trim33",365894,NA,NA,"trim33",324053,NA,NA,9296,FALSE,FALSE,"Chen 2017-01",28251929,"N/A","3:103291565-103361650","D","Breast Cancer",17
"Trim33",94093,"TRIM33",51592,"Trim33",365894,NA,NA,"trim33",324053,NA,NA,9296,FALSE,FALSE,"Rangel 2016-01",27849608,"N/A","3:103279293-103358775","C","Breast Cancer",17
"Cnot1",234594,"CNOT1",23019,"Cnot1",291841,"Not1",5740252,"cnot1",448949,NA,NA,9453,FALSE,FALSE,"Chen 2017-01",28251929,"N/A","8:95717573-95787594","A","Breast Cancer",18
"Cnot1",234594,"CNOT1",23019,"Cnot1",291841,"Not1",5740252,"cnot1",448949,NA,NA,9453,FALSE,FALSE,"Rangel 2016-01",27849608,"N/A","8:95765341-95784778","C","Breast Cancer",18
"Uimc1",20184,"UIMC1",51720,"Uimc1",290997,NA,NA,NA,NA,NA,NA,9455,FALSE,FALSE,"Rangel 2016-01",27849608,"N/A","13:55027880-55100300","C","Breast Cancer",4
"Sfmbt1",54650,"SFMBT1",51460,"Sfmbt1",58967,NA,NA,"sfmbt1",100001629,NA,NA,9472,FALSE,FALSE,"Rangel 2016-01",27849608,"N/A","14:30545256-30866863","A","Breast Cancer",5
"Mpp5",56217,"MPP5",64398,"Mpp5",314259,"sdt",44861,"mpp5a",252845,NA,NA,9512,FALSE,FALSE,"Rangel 2016-01",27849608,"N/A","12:78748947-78840711","C","Breast Cancer",8
"Fam13b",225358,"FAM13B",51306,"Fam13b",291694,NA,NA,NA,NA,NA,NA,9585,FALSE,FALSE,"Rangel 2016-01",27849608,"N/A","18:34442352-34506823","C","Breast Cancer",14
"Phf21a",192285,"PHF21A",51317,"Phf21a",362166,NA,NA,"phf21ab",565544,NA,NA,9597,FALSE,FALSE,"Chen 2017-01",28251929,"N/A","2:92196078-92258957","D","Breast Cancer",5
"Sntb1",20649,"SNTB1",6641,"Sntb1",299940,"Syn1",40424,"sntb1",431722,NA,NA,9618,FALSE,FALSE,"Rangel 2016-01",27849608,"N/A","15:55638843-55906949","B","Breast Cancer",4
"Reck",53614,"RECK",8434,"Reck",313488,"Reck",39629,NA,NA,NA,NA,9622,FALSE,FALSE,"Rangel 2016-01",27849608,"N/A","4:43875530-43944806","C","Breast Cancer",2
"Rbms1",56878,"RBMS1",5937,"Rbms1",362138,NA,NA,"rbms1a",564994,NA,NA,9640,FALSE,FALSE,"Rangel 2016-01",27849608,"N/A","2:60750193-60963192","B","Breast Cancer",9
"Stx18",71116,"STX18",53407,"Stx18",360953,"Syx18",42933,"stx18",554130,NA,NA,9655,FALSE,FALSE,"Rangel 2016-01",27849608,"N/A","5:38038742-38137765","C","Breast Cancer",1
"Ubn1",170644,"UBN1",29855,"Ubn1",302935,NA,NA,NA,NA,NA,NA,9656,FALSE,FALSE,"Rangel 2016-01",27849608,"N/A","16:5050068-5086285","D","Breast Cancer",6
"Rnf111",93836,"RNF111",54778,"Rnf111",300813,NA,NA,"rnf111",100151141,NA,NA,9741,FALSE,FALSE,"Chen 2017-01",28251929,"N/A","9:70457769-70571892","C","Breast Cancer",12
"Aftph",216549,"AFTPH",54812,"Aftph",305544,NA,NA,"aftpha",556043,NA,NA,9764,FALSE,FALSE,"Rangel 2016-01",27849608,"N/A","11:20685084-20741589","B","Breast Cancer",8
"Esrp1",207920,"ESRP1",54845,"Esrp1",500409,NA,NA,NA,NA,NA,NA,9785,FALSE,FALSE,"Rangel 2016-01",27849608,"N/A","4:11331933-11386783","D","Breast Cancer",5
"Bcor",71458,"BCOR",54880,"Bcor",317346,NA,NA,"bcor",402921,NA,NA,9809,FALSE,FALSE,"Chen 2017-01",28251929,"N/A","X:12114039-12157275","D","Breast Cancer",7
"Mtpap",67440,"MTPAP",55149,"Mtpap",307050,"CG11418",31081,"LOC563801",563801,NA,NA,10008,FALSE,FALSE,"Chen 2017-01",28251929,"N/A","18:4391105-4414449","B","Breast Cancer",6
"Asun",71177,"ASUN",55726,"Asun",690728,"asun",41971,"asun",334292,NA,NA,10043,FALSE,FALSE,"Rangel 2016-01",27849608,"N/A","6:146549632-146577835","C","Breast Cancer",4
"Atf7ip",54343,"ATF7IP",55729,"Atf7ip",312800,NA,NA,NA,NA,NA,NA,10051,FALSE,FALSE,"Chen 2017-01",28251929,"N/A","6:136576938-136615501","C","Breast Cancer",13
"Atf7ip",54343,"ATF7IP",55729,"Atf7ip",312800,NA,NA,NA,NA,NA,NA,10051,FALSE,FALSE,"Rangel 2016-01",27849608,"N/A","6:136506167-136610862","C","Breast Cancer",13
"Fam222b",216971,"FAM222B",55731,"Fam222b",497960,NA,NA,"LOC793183",793183,NA,NA,10054,FALSE,FALSE,"Rangel 2016-01",27849608,"N/A","11:78094660-78156700","D","Breast Cancer",7
"Parva",57342,"PARVA",55742,"Parva",57341,NA,NA,"parvaa",442922,NA,NA,10077,FALSE,FALSE,"Rangel 2016-01",27849608,"N/A","7:112427505-112591692","C","Breast Cancer",5
"Asxl2",75302,"ASXL2",55252,"Asxl2",313922,NA,NA,"LOC100150267",100150267,NA,NA,10102,FALSE,FALSE,"Rangel 2016-01",27849608,"N/A","12:3451105-3466923","D","Breast Cancer",17
"Pspc1",66645,"PSPC1",55269,"Pspc1",305910,NA,NA,"pspc1",692285,NA,NA,10108,FALSE,FALSE,"Rangel 2016-01",27849608,"N/A","14:56722441-56778316","C","Breast Cancer",11
"Ash1l",192195,"ASH1L",55870,"Ash1l",310638,NA,NA,NA,NA,NA,NA,10225,FALSE,FALSE,"Chen 2017-01",28251929,"N/A","3:88901914-89143999","C","Breast Cancer",18
"Ash1l",192195,"ASH1L",55870,"Ash1l",310638,NA,NA,NA,NA,NA,NA,10225,FALSE,FALSE,"Rangel 2016-01",27849608,"N/A","3:88950622-89079375","B","Breast Cancer",18
"Ccser2",72972,"CCSER2",54462,"Ccser2",306306,NA,NA,NA,NA,NA,NA,10367,FALSE,FALSE,"Chen 2017-01",28251929,"N/A","14:36525874-36782284","D","Breast Cancer",8
"Pard3",93742,"PARD3",56288,"Pard3",81918,NA,NA,"pard3",403050,NA,NA,10489,FALSE,FALSE,"Chen 2017-01",28251929,"N/A","8:127128026-127325625","D","Breast Cancer",18
"Pard3",93742,"PARD3",56288,"Pard3",81918,NA,NA,"pard3",403050,NA,NA,10489,FALSE,FALSE,"Rangel 2016-01",27849608,"N/A","8:127282757-127388485","B","Breast Cancer",18
"Asah1",11886,"ASAH1",427,"Asah1",84431,NA,NA,"asah1b",393549,NA,NA,10504,FALSE,FALSE,"Rangel 2016-01",27849608,"N/A","8:41340197-41374773","C","Breast Cancer",4
"Pdcd10",56426,"PDCD10",11235,"Pdcd10",494345,"CG5073",41876,"pdcd10a",393527,NA,NA,10505,FALSE,FALSE,"Rangel 2016-01",27849608,"N/A","3:75516490-75556856","C","Breast Cancer",7
"Eif4enif1",74203,"EIF4ENIF1",56478,"Eif4enif1",305468,NA,NA,"eif4enif1",541411,NA,NA,10522,FALSE,FALSE,"Rangel 2016-01",27849608,"N/A","11:3202392-3244588","B","Breast Cancer",13
"Son",20658,"SON",6651,"Son",304092,NA,NA,NA,NA,NA,NA,10551,FALSE,FALSE,"Rangel 2016-01",27849608,"N/A","16:91647506-91679221","D","Breast Cancer",13
"Arntl2",272322,"ARNTL2",56938,"Arntl2",362464,NA,NA,"arntl2",58099,NA,NA,10609,FALSE,FALSE,"Chen 2017-01",28251929,"N/A","6:146432245-147300907","C","Breast Cancer",3
"Ralgapb",228850,"RALGAPB",57148,"Ralgapb",362257,"CG34408",31953,"ralgapb",559303,NA,NA,10666,FALSE,FALSE,"Chen 2017-01",28251929,"N/A","2:158460833-158483218","C","Breast Cancer",6
"Lyrm1",73919,"LYRM1",57149,"Lyrm1",365361,NA,NA,"lyrm1",436779,NA,NA,10707,FALSE,FALSE,"Rangel 2016-01",27849608,"N/A","7:119895861-119956963","C","Breast Cancer",2
"Gpr126",215798,"GPR126",57211,"Gpr126",308376,NA,NA,"gpr126",561970,NA,NA,10724,FALSE,FALSE,"Rangel 2016-01",27849608,"N/A","10:14402583-14545179","B","Breast Cancer",2
"Ripk4",72388,"RIPK4",54101,"Ripk4",304053,NA,NA,"ripk4",406351,NA,NA,10772,FALSE,FALSE,"Suarez-Cabrera 2017-01",28108518,"N/A","16:97741933-97763737","C","Breast Cancer",6
"Arhgap21",71435,"ARHGAP21",57584,"Arhgap21",307178,NA,NA,"arhgap21b",326745,NA,NA,10822,FALSE,FALSE,"Rangel 2016-01",27849608,"N/A","2:20847919-20968881","B","Breast Cancer",14
"Dctn5",59288,"DCTN5",84516,"Dctn5",308961,"dyn-p25",34873,"dctn5",436770,NA,NA,10998,FALSE,FALSE,"Rangel 2016-01",27849608,"N/A","7:122133041-122149044","D","Breast Cancer",1
"Ythdc2",240255,"YTHDC2",64848,"Ythdc2",307446,NA,NA,"LOC567114",567114,NA,NA,11265,FALSE,FALSE,"Rangel 2016-01",27849608,"N/A","18:44827746-44889724","C","Breast Cancer",1
"Irak1bp1",65099,"IRAK1BP1",134728,"Irak1bp1",300862,NA,NA,"irak1bp1",553809,NA,NA,11300,FALSE,FALSE,"Chen 2017-01",28251929,"N/A","9:82745103-82997464","D","Breast Cancer",1
"Mphosph8",75339,"MPHOSPH8",54737,"Mphosph8",290270,NA,NA,NA,NA,NA,NA,11380,FALSE,FALSE,"Chen 2017-01",28251929,"N/A","14:56689773-56704632","D","Breast Cancer",4
"Mphosph8",75339,"MPHOSPH8",54737,"Mphosph8",290270,NA,NA,NA,NA,NA,NA,11380,FALSE,FALSE,"Rangel 2016-01",27849608,"N/A","14:56668248-56697430","D","Breast Cancer",4
"Zbtb10",229055,"ZBTB10",65986,"Zbtb10",80338,NA,NA,"zbtb10",566269,NA,NA,11395,FALSE,FALSE,"Rangel 2016-01",27849608,"N/A","3:9257487-9281526","C","Breast Cancer",2
"Nabp2",69917,"NABP2",79035,"Nabp2",362813,NA,NA,"LOC101882738",101882738,NA,NA,11446,FALSE,FALSE,"Chen 2017-01",28251929,"N/A","10:128381736-128426477","C","Breast Cancer",2
"Luzp1",269593,"LUZP1",7798,"Luzp1",79428,NA,NA,NA,NA,NA,NA,11545,FALSE,FALSE,"Chen 2017-01",28251929,"N/A","4:136482718-136525314","C","Breast Cancer",11
"Luzp1",269593,"LUZP1",7798,"Luzp1",79428,NA,NA,NA,NA,NA,NA,11545,FALSE,FALSE,"Rangel 2016-01",27849608,"N/A","4:136251693-136815281","A","Breast Cancer",11
"Eftud1",101592,"EFTUD1",79631,"Eftud1",308789,"CG33158",39834,"eftud1",568741,"RIA1",855558,11599,FALSE,FALSE,"Rangel 2016-01",27849608,"N/A","7:82622635-82883482","B","Breast Cancer",2
"Plekhf2",71801,"PLEKHF2",79666,"Plekhf2",362484,"rush",31105,"plekhf2",393214,NA,NA,11620,FALSE,FALSE,"Rangel 2016-01",27849608,"N/A","4:10988662-11007927","D","Breast Cancer",3
"Mcmbp",210711,"MCMBP",79892,"RGD1306730",309009,"CG3430",33976,"mcmbp",321119,NA,NA,11749,FALSE,FALSE,"Rangel 2016-01",27849608,"N/A","7:128696441-128740495","D","Breast Cancer",12
"Chd9",109151,"CHD9",80205,"Chd9",307726,NA,NA,"chd9",572355,NA,NA,11844,FALSE,FALSE,"Rangel 2016-01",27849608,"N/A","8:90828352-91054516","B","Breast Cancer",12
"Ube2f",67921,"UBE2F",140739,"Ube2f",363284,NA,NA,"ube2f",406606,NA,NA,12212,FALSE,FALSE,"Suarez-Cabrera 2017-01",28108518,"N/A","1:91250304-91290337","C","Breast Cancer",3
"Ccny",67974,"CCNY",219771,"Ccny",361261,"CycY",34593,"ccny",557738,NA,NA,12219,FALSE,FALSE,"Rangel 2016-01",27849608,"N/A","18:9332689-9494488","A","Breast Cancer",13
"Rnf146",68031,"RNF146",81847,"Rnf146",308051,NA,NA,"rnf146",334065,NA,NA,12227,FALSE,FALSE,"Rangel 2016-01",27849608,"N/A","10:29346171-29362442","D","Breast Cancer",8
"Phf6",70998,"PHF6",84295,"Phf6",100359714,NA,NA,"phf6",327070,NA,NA,12375,FALSE,FALSE,"Rangel 2016-01",27849608,"N/A","X:52912266-52956943","D","Breast Cancer",2
"Frmd6",319710,"FRMD6",122786,"Frmd6",257646,NA,NA,"frmd6",321937,NA,NA,12449,FALSE,FALSE,"Chen 2017-01",28251929,"N/A","12:70866266-70868931","C","Breast Cancer",6
"Setd5",72895,"SETD5",55209,"Setd5",297514,NA,NA,"setd5",570278,NA,NA,12485,FALSE,FALSE,"Rangel 2016-01",27849608,"N/A","6:112531700-113737091","A","Breast Cancer",25
"Xpo6",74204,"XPO6",23214,"Xpo6",293476,NA,NA,"xpo6",333980,NA,NA,12544,FALSE,FALSE,"Rangel 2016-01",27849608,"N/A","7:126101715-126200501","C","Breast Cancer",8
"Mau2",74549,"MAU2",23383,"Mau2",290668,"CG4203",41830,"mau2",794129,NA,NA,12574,FALSE,FALSE,"Chen 2017-01",28251929,"N/A","8:69994699-70203935","C","Breast Cancer",8
"Zmym2",76007,"ZMYM2",7750,"Zmym2",305913,NA,NA,"zmym2",570149,NA,NA,12631,FALSE,FALSE,"Rangel 2016-01",27849608,"N/A","14:56887795-56962579","C","Breast Cancer",16
"Ndfip2",76273,"NDFIP2",54602,"Ndfip2",361089,NA,NA,"ndfip2",406656,NA,NA,12636,FALSE,FALSE,"Rangel 2016-01",27849608,"N/A","14:105258573-105309298","D","Breast Cancer",8
"Sfi1",78887,"SFI1",9814,"Sfi1",305467,NA,NA,"sfi1",560147,NA,NA,12707,FALSE,FALSE,"Chen 2017-01",28251929,"N/A","11:3139793-3261883","C","Breast Cancer",23
"Tdrd3",219249,"TDRD3",81550,"Tdrd3",306066,NA,NA,"tdrd3",402828,NA,NA,12771,FALSE,FALSE,"Rangel 2016-01",27849608,"N/A","14:87417774-87495397","C","Breast Cancer",2
"Lrch3",70144,"LRCH3",84859,"Lrch3",303883,NA,NA,"zgc:171915",100126105,NA,NA,13111,FALSE,FALSE,"Rangel 2016-01",27849608,"N/A","16:32792824-33037896","A","Breast Cancer",4
"Dicer1",192119,"DICER1",23405,"Dicer1",299284,"Dcr-1",42693,"dicer1",324724,NA,NA,13251,FALSE,FALSE,"Rangel 2016-01",27849608,"N/A","12:104687742-104751952","D","Breast Cancer",6
"Pcmtd1",319263,"PCMTD1",115294,"Pcmtd1",366300,NA,NA,"pcmtd1",327176,NA,NA,14180,FALSE,FALSE,"Rangel 2016-01",27849608,"N/A","1:7088920-7173628","C","Breast Cancer",3
"Mylk",107589,"MYLK",4638,"Mylk",288057,NA,NA,"mylkb",492576,NA,NA,14202,FALSE,FALSE,"Chen 2017-01",28251929,"N/A","16:34947638-34965913","D","Breast Cancer",2
"Naa15",74838,"NAA15",80155,"Naa15",310399,NA,NA,"naa15a",323672,NA,NA,14211,FALSE,FALSE,"Rangel 2016-01",27849608,"N/A","3:51415148-51476507","C","Breast Cancer",12
"Wnk1",232341,"WNK1",65125,"Wnk1",116477,NA,NA,NA,NA,NA,NA,14253,FALSE,FALSE,"Chen 2017-01",28251929,"N/A","6:119975889-120014784","B","Breast Cancer",18
"Kidins220",77480,"KIDINS220",57498,"Kidins220",116478,"CG42672",37433,"kidins220b",335881,NA,NA,14254,FALSE,FALSE,"Rangel 2016-01",27849608,"N/A","12:24974932-25059697","C","Breast Cancer",3
"Zyg11b",414872,"ZYG11B",79699,"Zyg11b",362559,NA,NA,"zyg11",555349,NA,NA,14600,FALSE,FALSE,"Chen 2017-01",28251929,"N/A","4:108279627-108295841","D","Breast Cancer",2
"Ccnk",12454,"CCNK",8812,"Ccnk",500715,NA,NA,"ccnk",569432,NA,NA,14748,FALSE,FALSE,"Rangel 2016-01",27849608,"N/A","12:108179738-108203359","C","Breast Cancer",4
"Pdzd8",107368,"PDZD8",118987,"Pdzd8",308000,NA,NA,"pdzd8",561279,NA,NA,14879,FALSE,FALSE,"Rangel 2016-01",27849608,"N/A","19:59296084-59345780","D","Breast Cancer",7
"Ppap2b",67916,"PPAP2B",8613,"Ppap2b",192270,NA,NA,"ppap2b",557680,NA,NA,15410,FALSE,FALSE,"Rangel 2016-01",27849608,"N/A","4:105157347-105232764","C","Breast Cancer",5
"Sppl3",74585,"SPPL3",121665,"Sppl3",360822,"SppL",43128,"sppl3",548609,NA,NA,15563,FALSE,FALSE,"Chen 2017-01",28251929,"N/A","5:115015824-115107377","A","Breast Cancer",15
"Nipbl",71175,"NIPBL",25836,"Nipbl",294787,"Nipped-B",3355136,"nipblb",794108,NA,NA,15850,FALSE,FALSE,"Rangel 2016-01",27849608,"N/A","15:8347047-8384414","C","Breast Cancer",16
"Dcun1d3",233805,"DCUN1D3",123879,"Dcun1d3",309035,"CG13322",36426,"zgc:154015",557682,NA,NA,16155,FALSE,FALSE,"Rangel 2016-01",27849608,"N/A","7:119836513-119912097","B","Breast Cancer",5
"Tab3",66724,"TAB3",257397,"Tab3",317546,NA,NA,"tab3",566547,NA,NA,17673,FALSE,FALSE,"Chen 2017-01",28251929,"N/A","X:85596048-85631269","C","Breast Cancer",4
"Tab3",66724,"TAB3",257397,"Tab3",317546,NA,NA,"tab3",566547,NA,NA,17673,FALSE,FALSE,"Rangel 2016-01",27849608,"N/A","X:85574022-85634469","C","Breast Cancer",4
"Ppp4r2",232314,"PPP4R2",151987,"Ppp4r2",297486,NA,NA,NA,NA,NA,NA,17953,FALSE,FALSE,"Rangel 2016-01",27849608,"N/A","6:100833622-100869934","D","Breast Cancer",9
"Zmiz2",52915,"ZMIZ2",83637,"Zmiz2",289783,NA,NA,"zmiz2",100333571,NA,NA,18000,FALSE,FALSE,"Chen 2017-01",28251929,"N/A","11:6392679-6420073","C","Breast Cancer",3
"Larp4b",217980,"LARP4B",23185,"Larp4b",307070,NA,NA,"larp4b",563742,NA,NA,18195,FALSE,FALSE,"Rangel 2016-01",27849608,"N/A","13:9076998-9156904","B","Breast Cancer",19
"Ambra1",228361,"AMBRA1",55626,"Ambra1",59319,NA,NA,"ambra1",100332642,NA,NA,18204,FALSE,FALSE,"Chen 2017-01",28251929,"N/A","2:91735892-91804714","B","Breast Cancer",19
"Zbtb44",235132,"ZBTB44",29068,"Zbtb44",363035,NA,NA,"zbtb44",569656,NA,NA,18221,FALSE,FALSE,"Rangel 2016-01",27849608,"N/A","9:31030644-31075879","D","Breast Cancer",7
"Kank4",242553,"KANK4",163782,"Kank4",313385,NA,NA,NA,NA,NA,NA,18244,FALSE,FALSE,"Rangel 2016-01",27849608,"N/A","4:98754898-98817537","D","Breast Cancer",1
"Lama3",16774,"LAMA3",3909,"Lama3",307582,NA,NA,NA,NA,NA,NA,18279,FALSE,FALSE,"Chen 2017-01",28251929,"N/A","18:12585933-12597451","D","Breast Cancer",2
"Amz1",231842,"AMZ1",155185,"Amz1",304317,NA,NA,NA,NA,NA,NA,18290,FALSE,FALSE,"Chen 2017-01",28251929,"N/A","5:140679718-141025372","D","Breast Cancer",2
"Tnks",21951,"TNKS",8658,"Tnks",290794,"tankyrase",43095,"tnks",559022,NA,NA,18405,FALSE,FALSE,"Chen 2017-01",28251929,"N/A","8:34836227-34945149","B","Breast Cancer",15
"Prox2",73422,"PROX2",283571,"Prox2",314319,NA,NA,NA,NA,NA,NA,18421,FALSE,FALSE,"Chen 2017-01",28251929,"N/A","12:85067967-85127476","D","Breast Cancer",3
"Creb3l2",208647,"CREB3L2",64764,"Creb3l2",362339,NA,NA,"creb3l2",791169,NA,NA,18690,FALSE,FALSE,"Rangel 2016-01",27849608,"N/A","6:37327255-37442146","C","Breast Cancer",6
"Arl13b",68146,"ARL13B",200894,"Arl13b",304037,NA,NA,"arl13b",286784,NA,NA,18820,FALSE,FALSE,"Rangel 2016-01",27849608,"N/A","16:62793685-62847040","C","Breast Cancer",3
"Kmt2e",69188,"KMT2E",55904,"Kmt2e",311968,NA,NA,"kmt2e",325395,NA,NA,18822,FALSE,FALSE,"Rangel 2016-01",27849608,"N/A","5:23434441-23504235","C","Breast Cancer",18
"Tanc1",66860,"TANC1",85461,"Tanc1",311055,NA,NA,"LOC100334650",100334650,NA,NA,18946,FALSE,FALSE,"Rangel 2016-01",27849608,"N/A","2:59775675-59828825","B","Breast Cancer",5
"Camsap1",227634,"CAMSAP1",157922,"Camsap1",296580,NA,NA,"camsap1b",561094,NA,NA,19202,FALSE,FALSE,"Rangel 2016-01",27849608,"N/A","2:25926838-25983282","C","Breast Cancer",3
"Elmsan1",238317,"ELMSAN1",91748,"Elmsan1",314306,NA,NA,NA,NA,NA,NA,19330,FALSE,FALSE,"Rangel 2016-01",27849608,"N/A","12:84149278-84194015","D","Breast Cancer",6
"Rnf216",108086,"RNF216",54476,"Rnf216",304294,NA,NA,"rnf216",559441,NA,NA,19442,FALSE,FALSE,"Rangel 2016-01",27849608,"N/A","5:142990893-143112994","C","Breast Cancer",5
"Fam83b",208994,"FAM83B",222584,"Fam83b",315829,NA,NA,"fam83b",568458,NA,NA,19478,FALSE,FALSE,"Rangel 2016-01",27849608,"N/A","9:76518067-76570620","C","Breast Cancer",3
"Rprd2",75137,"RPRD2",23248,NA,NA,NA,NA,NA,NA,NA,NA,19997,FALSE,FALSE,"Chen 2017-01",28251929,"N/A","3:95743138-95926798","C","Breast Cancer",11
"Rprd2",75137,"RPRD2",23248,NA,NA,NA,NA,NA,NA,NA,NA,19997,FALSE,FALSE,"Rangel 2016-01",27849608,"N/A","3:95760341-95818863","C","Breast Cancer",11
"Itga6",16403,"ITGA6",3655,"Itga6",114517,"mew",32275,"itga6a",503893,NA,NA,20091,FALSE,FALSE,"Rangel 2016-01",27849608,"N/A","2:71745616-71858416","C","Breast Cancer",7
"Adora2b",11541,"ADORA2B",136,"Adora2b",29316,NA,NA,"adora2b",560100,NA,NA,20167,FALSE,FALSE,"Chen 2017-01",28251929,"N/A","11:61644892-62408221","D","Breast Cancer",1
"Slc12a2",20496,"SLC12A2",6558,"Slc12a2",83629,"Ncc69",39410,"slc12a2",415170,NA,NA,20283,FALSE,FALSE,"Chen 2017-01",28251929,"N/A","18:57881428-57893073","D","Breast Cancer",5
"Acvr2a",11480,"ACVR2A",92,"Acvr2a",29263,"put",41772,"acvr2aa",553359,NA,NA,20391,FALSE,FALSE,"Rangel 2016-01",27849608,"N/A","2:48814109-48903269","C","Breast Cancer",13
"Kpna3",16648,"KPNA3",3839,"Kpna3",361055,NA,NA,"kpna3",368640,NA,NA,20520,FALSE,FALSE,"Rangel 2016-01",27849608,"N/A","14:61365186-61439947","C","Breast Cancer",8
"Mcc",328949,"MCC",4163,"Mcc",307449,NA,NA,"mcc",100537329,NA,NA,20539,FALSE,FALSE,"Rangel 2016-01",27849608,"N/A","18:44425060-44812182","A","Breast Cancer",4
"Pik3c2a",18704,"PIK3C2A",5286,"Pik3c2a",361632,"Pi3K68D",39329,"pik3c2a",571356,NA,NA,20581,FALSE,FALSE,"Rangel 2016-01",27849608,"N/A","7:116358574-116446983","B","Breast Cancer",10
"Ptpra",19262,"PTPRA",5786,"Ptpra",25167,NA,NA,"ptpra",140818,NA,NA,20621,FALSE,FALSE,"Rangel 2016-01",27849608,"N/A","2:130450278-130554026","C","Breast Cancer",6
"Rab2a",59021,"RAB2A",5862,"Rab2a",65158,"Rab2",35577,"rab2a",140617,NA,NA,20628,FALSE,FALSE,"Rangel 2016-01",27849608,"N/A","4:8532513-8614817","B","Breast Cancer",19
"Ppfia1",233977,"PPFIA1",8500,"Ppfia1",293645,NA,NA,"zgc:171298",100003520,NA,NA,20802,FALSE,FALSE,"Rangel 2016-01",27849608,"N/A","7:144497259-144551664","B","Breast Cancer",6
"Trio",223435,"TRIO",7204,"Trio",310192,"trio",43974,"trioa",557667,NA,NA,20847,FALSE,FALSE,"Rangel 2016-01",27849608,"N/A","15:27730652-28025848","B","Breast Cancer",9
"Map7",17761,"MAP7",9053,"Map7",293016,NA,NA,"LOC563520",563520,NA,NA,20851,FALSE,FALSE,"Rangel 2016-01",27849608,"N/A","10:20148920-20281590","C","Breast Cancer",11
"Dlg1",13383,"DLG1",1739,"Dlg1",25252,"dlg1",32083,"dlg1",114446,NA,NA,20869,FALSE,FALSE,"Rangel 2016-01",27849608,"N/A","16:31663443-31873350","A","Breast Cancer",14
"Trip11",109181,"TRIP11",9321,"Trip11",314393,NA,NA,"trip11",100537975,NA,NA,20897,FALSE,FALSE,"Rangel 2016-01",27849608,"N/A","12:101863438-101928300","B","Breast Cancer",6
"Bmpr1a",12166,"BMPR1A",657,"Bmpr1a",81507,NA,NA,NA,NA,NA,NA,20911,FALSE,FALSE,"Chen 2017-01",28251929,"N/A","14:34482431-34500304","D","Breast Cancer",15
"Pias2",17344,"PIAS2",9063,"Pias2",83422,NA,NA,"pias2",564149,NA,NA,20979,FALSE,FALSE,"Rangel 2016-01",27849608,"N/A","18:77065208-77155708","B","Breast Cancer",3
"Tm9sf2",68059,"TM9SF2",9375,"Tm9sf2",306197,NA,NA,"tm9sf2",334370,NA,NA,21004,FALSE,FALSE,"Rangel 2016-01",27849608,"N/A","14:122107038-122159604","C","Breast Cancer",8
"Rock2",19878,"ROCK2",9475,"Rock2",25537,"rok",43916,"rock2a",317747,NA,NA,21010,FALSE,FALSE,"Rangel 2016-01",27849608,"N/A","12:16894978-16988274","B","Breast Cancer",15
"Tle1",21885,"TLE1",7088,"Tle1",362533,NA,NA,NA,NA,NA,NA,21058,FALSE,FALSE,"Rangel 2016-01",27849608,"N/A","4:72117805-72200893","C","Breast Cancer",8
"Dmxl1",240283,"DMXL1",1657,"Dmxl1",307429,NA,NA,"LOC100333625",100333625,NA,NA,21136,FALSE,FALSE,"Rangel 2016-01",27849608,"N/A","18:49832670-49964254","B","Breast Cancer",13
"Edil3",13612,"EDIL3",10085,"Edil3",688400,NA,NA,"edil3",793444,NA,NA,21166,FALSE,FALSE,"Chen 2017-01",28251929,"N/A","13:89063580-89366787","D","Breast Cancer",3
"Pcsk5",18552,"PCSK5",5125,"Pcsk5",116548,"Fur2",32604,"pcsk5a",571235,NA,NA,21244,FALSE,FALSE,"Rangel 2016-01",27849608,"N/A","19:17432832-17837632","A","Breast Cancer",2
"Zcchc7",319885,"ZCCHC7",84186,"Zcchc7",298086,NA,NA,"zcchc7",317641,NA,NA,22217,FALSE,FALSE,"Rangel 2016-01",27849608,"N/A","4:44755877-44932215","B","Breast Cancer",13
"Polr1d",20018,"POLR1D",51082,NA,NA,"l(2)37Cg",35196,"polr1d",445412,"RPC19",855609,22239,FALSE,FALSE,"Rangel 2016-01",27849608,"N/A","5:147077050-147111597","D","Breast Cancer",3
"Gna12",14673,"GNA12",2768,"Gna12",81663,NA,NA,"gna12a",503589,NA,NA,22398,FALSE,FALSE,"Chen 2017-01",28251929,"N/A","5:140679718-141025372","D","Breast Cancer",5
"Hnrnpd",11991,"HNRNPD",3184,"Hnrpd",79256,NA,NA,"hnrnpd",560522,NA,NA,22410,FALSE,FALSE,"Chen 2017-01",28251929,"N/A","5:99960220-99967589","D","Breast Cancer",11
"Slk",20874,"SLK",9748,"Slk",54308,NA,NA,"slka",568838,NA,NA,22515,FALSE,FALSE,"Rangel 2016-01",27849608,"N/A","19:47579678-47645246","C","Breast Cancer",6
"Atrn",11990,"ATRN",8455,"Atrn",83526,"dsd",43315,NA,NA,NA,NA,22542,FALSE,FALSE,"Rangel 2016-01",27849608,"N/A","2:130906495-131030333","C","Breast Cancer",6
"Fgfr2",14183,"FGFR2",2263,"Fgfr2",25022,"btl",39564,"fgfr2",352940,NA,NA,22566,FALSE,FALSE,"Chen 2017-01",28251929,"N/A","7:130163442-130165361","B","Breast Cancer",6
"Pdcd6ip",18571,"PDCD6IP",10015,"Pdcd6ip",501083,"ALiX",43330,"pdcd6ip",406669,"RIM20",854449,22614,FALSE,FALSE,"Rangel 2016-01",27849608,"N/A","9:113651744-113708259","C","Breast Cancer",9
"Itsn2",20403,"ITSN2",50618,"Itsn2",313934,NA,NA,"itsn2a",566412,NA,NA,22627,FALSE,FALSE,"Rangel 2016-01",27849608,"N/A","12:4540292-4709163","A","Breast Cancer",9
"Baz1b",22385,"BAZ1B",9031,"Baz1b",368002,NA,NA,"baz1b",571727,NA,NA,22651,FALSE,FALSE,"Chen 2017-01",28251929,"N/A","5:135190856-135239201","C","Breast Cancer",15
"Lphn2",99633,"LPHN2",23266,"Lphn2",171447,NA,NA,"lphn2a",57987,NA,NA,22712,FALSE,FALSE,"Rangel 2016-01",27849608,"N/A","3:148846885-148976386","A","Breast Cancer",9
"Pum1",80912,"PUM1",9698,"Pum1",362609,NA,NA,"pum1",394176,NA,NA,22830,FALSE,FALSE,"Chen 2017-01",28251929,"N/A","4:130672357-130811644","D","Breast Cancer",20
"Pum1",80912,"PUM1",9698,"Pum1",362609,NA,NA,"pum1",394176,NA,NA,22830,FALSE,FALSE,"Rangel 2016-01",27849608,"N/A","4:130698170-130784466","B","Breast Cancer",20
"Pum1",80912,"PUM1",9698,"Pum1",362609,NA,NA,"pum1",394176,NA,NA,22830,FALSE,FALSE,"Suarez-Cabrera 2017-01",28108518,"N/A","4:130663321-130781564","C","Breast Cancer",20
"Pds5a",71521,"PDS5A",23244,"Pds5a",305343,NA,NA,"pds5a",393967,NA,NA,22877,FALSE,FALSE,"Chen 2017-01",28251929,"N/A","5:65572538-65671933","B","Breast Cancer",16
"Pds5a",71521,"PDS5A",23244,"Pds5a",305343,NA,NA,"pds5a",393967,NA,NA,22877,FALSE,FALSE,"Rangel 2016-01",27849608,"N/A","5:65555380-65733076","B","Breast Cancer",16
"Arhgap12",75415,"ARHGAP12",94134,"Arhgap12",307016,NA,NA,"arhgap12b",393848,NA,NA,23089,FALSE,FALSE,"Rangel 2016-01",27849608,"N/A","18:6024427-6136098","C","Breast Cancer",7
"Ptbp2",56195,"PTBP2",58155,"Ptbp2",310820,NA,NA,"ptbp2b",562434,NA,NA,23162,FALSE,FALSE,"Rangel 2016-01",27849608,"N/A","3:119718742-119784466","B","Breast Cancer",8
"Mbnl1",56758,"MBNL1",4154,"Mbnl1",282635,NA,NA,"mbnl1",767696,NA,NA,23186,FALSE,FALSE,"Rangel 2016-01",27849608,"N/A","3:60472830-60629750","B","Breast Cancer",18
"Papola",18789,"PAPOLA",10914,"Papola",314417,NA,NA,"papola",404041,NA,NA,23389,FALSE,FALSE,"Rangel 2016-01",27849608,"N/A","12:105784694-105838944","C","Breast Cancer",11
"Ssbp3",72475,"SSBP3",23648,"Ssbp3",84354,"Ssdp",42177,"ssbp3a",100005603,NA,NA,23411,FALSE,FALSE,"Chen 2017-01",28251929,"N/A","4:106783568-107000413","C","Breast Cancer",11
"Ssbp3",72475,"SSBP3",23648,"Ssbp3",84354,"Ssdp",42177,"ssbp3a",100005603,NA,NA,23411,FALSE,FALSE,"Rangel 2016-01",27849608,"N/A","4:106910701-107049694","C","Breast Cancer",11
"Tspan14",52588,"TSPAN14",81619,"Tspan14",306324,NA,NA,"tspan14",751700,NA,NA,23717,FALSE,FALSE,"Rangel 2016-01",27849608,"N/A","14:40906445-40966807","D","Breast Cancer",7
"Spred1",114715,"SPRED1",161742,"Spred1",296072,NA,NA,"spred1",406513,NA,NA,24919,FALSE,FALSE,"Chen 2017-01",28251929,"N/A","2:117131881-117178421","C","Breast Cancer",16
"Spred1",114715,"SPRED1",161742,"Spred1",296072,NA,NA,"spred1",406513,NA,NA,24919,FALSE,FALSE,"Rangel 2016-01",27849608,"N/A","2:117100173-117190014","B","Breast Cancer",16
"Taok1",216965,"TAOK1",57551,"Taok1",286993,"Tao",32948,"LOC100004576",100004576,NA,NA,27041,FALSE,FALSE,"Chen 2017-01",28251929,"N/A","11:77580697-77602868","C","Breast Cancer",21
"Taok1",216965,"TAOK1",57551,"Taok1",286993,"Tao",32948,"LOC100004576",100004576,NA,NA,27041,FALSE,FALSE,"Rangel 2016-01",27849608,"N/A","11:77328833-77737481","A","Breast Cancer",21
"Mss51",74843,"MSS51",118490,"Mss51",289904,NA,NA,"LOC100330275",100330275,NA,NA,27997,FALSE,FALSE,"Rangel 2016-01",27849608,"N/A","14:20482864-20496901","D","Breast Cancer",4
"Ski",20481,"SKI",6497,"Ski",313757,NA,NA,"skia",30101,NA,NA,31124,FALSE,FALSE,"Rangel 2016-01",27849608,"N/A","4:155154075-155222592","D","Breast Cancer",9
"Uvrag",78610,"UVRAG",7405,"Uvrag",308846,NA,NA,"uvrag",394044,NA,NA,31150,FALSE,FALSE,"Rangel 2016-01",27849608,"N/A","7:98935650-99147227","A","Breast Cancer",9
"Ctdp1",67655,"CTDP1",9150,"Ctdp1",291414,NA,NA,"ctdp1",442930,NA,NA,31254,FALSE,FALSE,"Rangel 2016-01",27849608,"N/A","18:80407959-80469695","D","Breast Cancer",2
"Smad4",17128,"SMAD4",4089,"Smad4",50554,"Med",43725,"zmp:0000000768",559111,NA,NA,31310,FALSE,FALSE,"Rangel 2016-01",27849608,"N/A","18:73639009-73703780","D","Breast Cancer",17
"Rbm6",19654,"RBM6",10180,"Rbm6",315997,NA,NA,NA,NA,NA,NA,31336,FALSE,FALSE,"Rangel 2016-01",27849608,"N/A","9:107773559-107873237","C","Breast Cancer",8
"Appbp2",66884,"APPBP2",10513,"Appbp2",303396,"Pat1",31593,"appbp2",322995,NA,NA,31378,FALSE,FALSE,"Rangel 2016-01",27849608,"N/A","11:85187262-85235130","D","Breast Cancer",10
"Slmap",83997,"SLMAP",7871,"Slmap",290533,NA,NA,"slmapa",572011,NA,NA,31428,FALSE,FALSE,"Rangel 2016-01",27849608,"N/A","14:26413168-26534931","C","Breast Cancer",14
"Notch1",18128,"NOTCH1",4851,"Notch1",25496,"N",31293,"notch1b",794892,NA,NA,32049,FALSE,FALSE,"Rangel 2016-01",27849608,"N/A","2:26457903-26516663","D","Breast Cancer",17
"Rnf11",29864,"RNF11",26994,"Rnf11l1",100364162,"CG32850",318246,"rnf11b",100150568,NA,NA,32195,FALSE,FALSE,"Rangel 2016-01",27849608,"N/A","4:109451098-109484728","D","Breast Cancer",6
"Kdm1a",99982,"KDM1A",23028,"Kdm1a",500569,"Su(var)3-3",40217,"kdm1a",558450,NA,NA,32240,FALSE,FALSE,"Rangel 2016-01",27849608,"N/A","4:136550540-136602723","D","Breast Cancer",12
"Lrch1",380916,"LRCH1",23143,"Lrch1",502020,NA,NA,"si:ch211-260b17.8",560885,NA,NA,32244,FALSE,FALSE,"Rangel 2016-01",27849608,"N/A","14:74784650-74947503","B","Breast Cancer",9
"Arhgef18",102098,"ARHGEF18",23370,"Arhgef18",304193,NA,NA,"arhgef18b",562264,NA,NA,32254,FALSE,FALSE,"Rangel 2016-01",27849608,"N/A","8:3393006-3456601","D","Breast Cancer",7
"Ltn1",78913,"LTN1",26046,"Ltn1",288308,NA,NA,"si:dkey-175g6.5",100000122,NA,NA,32272,FALSE,FALSE,"Rangel 2016-01",27849608,"N/A","16:87376651-87432606","D","Breast Cancer",4
"Tmem131",56030,"TMEM131",23505,"Tmem131",316335,NA,NA,"tmem131",557719,NA,NA,32428,FALSE,FALSE,"Rangel 2016-01",27849608,"N/A","1:36792194-36943666","D","Breast Cancer",6
"Gatad2b",229542,"GATAD2B",57459,"Gatad2b",310614,NA,NA,"gatad2b",562045,NA,NA,32484,FALSE,FALSE,"Chen 2017-01",28251929,"N/A","3:90299680-90342478","C","Breast Cancer",13
"Gnptab",432486,"GNPTAB",79158,"Gnptab",362865,NA,NA,"gnptab",553365,NA,NA,32576,FALSE,FALSE,"Rangel 2016-01",27849608,"N/A","10:88379132-88447329","D","Breast Cancer",1
"Wdr20",69641,"WDR20",91833,"Wdr20",314453,"CG6420",43218,"si:dkey-241l7.1",569192,NA,NA,32684,FALSE,FALSE,"Rangel 2016-01",27849608,"N/A","12:110737944-110804238","D","Breast Cancer",9
"Esyt2",52635,"ESYT2",57488,"Esyt2",299488,"Esyt2",42929,NA,NA,NA,NA,32699,FALSE,FALSE,"Rangel 2016-01",27849608,"N/A","12:116281222-116373096","C","Breast Cancer",7
"Chd6",71389,"CHD6",84181,"Chd6",311607,NA,NA,"chd6",570753,NA,NA,32772,FALSE,FALSE,"Rangel 2016-01",27849608,"N/A","2:160946978-161109075","B","Breast Cancer",10
"Faxc",76132,"FAXC",84553,"Faxc",366333,NA,NA,NA,NA,NA,NA,32781,FALSE,FALSE,"Rangel 2016-01",27849608,"N/A","4:21931329-21996839","C","Breast Cancer",1
"Btbd7",238386,"BTBD7",55727,"Btbd7",362772,NA,NA,"btbd7",568372,NA,NA,34300,FALSE,FALSE,"Rangel 2016-01",27849608,"N/A","12:102784656-102878406","C","Breast Cancer",12
"Ythdf3",229096,"YTHDF3",253943,"Ythdf3",361920,NA,NA,"ythdf3",334191,NA,NA,34991,FALSE,FALSE,"Chen 2017-01",28251929,"N/A","3:16184588-16223768","B","Breast Cancer",14
"Ythdf3",229096,"YTHDF3",253943,"Ythdf3",361920,NA,NA,"ythdf3",334191,NA,NA,34991,FALSE,FALSE,"Rangel 2016-01",27849608,"N/A","3:16183212-16217037","C","Breast Cancer",14
"Foxj3",230700,"FOXJ3",22887,"Foxj3",313554,NA,NA,"foxj3",797147,NA,NA,35243,FALSE,FALSE,"Chen 2017-01",28251929,"N/A","4:119592125-119615782","B","Breast Cancer",16
"Ankrd28",105522,"ANKRD28",23243,"Ankrd28",306264,NA,NA,"ankrd28b",560747,NA,NA,35374,FALSE,FALSE,"Suarez-Cabrera 2017-01",28108518,"N/A","14:31700015-31830415","C","Breast Cancer",10
"Rbm27",225432,"RBM27",54439,"Rbm27",361317,NA,NA,"rbm27",100332262,NA,NA,35410,FALSE,FALSE,"Rangel 2016-01",27849608,"N/A","18:42275353-42341542","C","Breast Cancer",5
"Egfl8",81701,"EGFL8",80864,"Egfl8",406166,NA,NA,NA,NA,NA,NA,36473,FALSE,FALSE,"Rangel 2016-01",27849608,"N/A","17:34613349-34615971","D","Breast Cancer",1
"Pard6g",93737,"PARD6G",84552,"Pard6g",307237,"par-6",32752,"pard6gb",80959,NA,NA,36487,FALSE,FALSE,"Rangel 2016-01",27849608,"N/A","18:80046895-80119640","D","Breast Cancer",3
"Cpne1",266692,"CPNE1",8904,"Cpne1",362249,NA,NA,"cpne1",324841,NA,NA,36501,FALSE,FALSE,"Rangel 2016-01",27849608,"N/A","2:156071842-156111965","C","Breast Cancer",9
"Daam1",208846,"DAAM1",23002,"Daam1",314212,"DAAM",31075,"daam1b",560060,NA,NA,36635,FALSE,FALSE,"Rangel 2016-01",27849608,"N/A","12:71831078-71992367","C","Breast Cancer",6
"Chd2",244059,"CHD2",1106,"Chd2",308738,"Chd1",33505,"chd2",569795,NA,NA,37462,FALSE,FALSE,"Rangel 2016-01",27849608,"N/A","7:73426638-73541830","B","Breast Cancer",15
"Clptm1",56457,"CLPTM1",1209,"Clptm1",292696,"CG3702",33628,"clptm1",795480,NA,NA,37464,FALSE,FALSE,"Chen 2017-01",28251929,"N/A","7:19510393-19720870","D","Breast Cancer",3
"Flnb",286940,"FLNB",2317,"Flnb",306204,NA,NA,NA,NA,NA,NA,37480,FALSE,FALSE,"Chen 2017-01",28251929,"N/A","14:7925658-7997736","D","Breast Cancer",8
"Flnb",286940,"FLNB",2317,"Flnb",306204,NA,NA,NA,NA,NA,NA,37480,FALSE,FALSE,"Suarez-Cabrera 2017-01",28108518,"N/A","14:7817957-7951588","C","Breast Cancer",8
"Stam",20844,"STAM",8027,"Stam",498798,NA,NA,"stam",386967,NA,NA,37788,FALSE,FALSE,"Rangel 2016-01",27849608,"N/A","2:14128937-14143245","C","Breast Cancer",5
"Mknk1",17346,"MKNK1",8569,"Mknk1",500526,"Lk6",44672,"mknk1",555974,NA,NA,37838,FALSE,FALSE,"Rangel 2016-01",27849608,"N/A","4:115839198-115879250","D","Breast Cancer",2
"Prkrir",72981,"PRKRIR",5612,"Prkrir",308845,NA,NA,"prkrirb",436953,NA,NA,37952,FALSE,FALSE,"Rangel 2016-01",27849608,"N/A","7:98703103-98718062","D","Breast Cancer",5
"Scamp1",107767,"SCAMP1",9522,"Scamp1",29521,"Scamp",32470,"scamp1",402992,NA,NA,37975,FALSE,FALSE,"Rangel 2016-01",27849608,"N/A","13:94201310-94285857","C","Breast Cancer",6
"Tpd52",21985,"TPD52",7163,"Tpd52",294900,NA,NA,"tpd52",559992,NA,NA,38007,FALSE,FALSE,"Rangel 2016-01",27849608,"N/A","3:8958846-8974693","C","Breast Cancer",6
"Abi1",11308,"ABI1",10006,"Abi1",79249,NA,NA,"abi1b",767738,NA,NA,38053,FALSE,FALSE,"Rangel 2016-01",27849608,"N/A","2:22651577-23397979","A","Breast Cancer",15
"Ranbp9",56705,"RANBP9",10048,"Ranbp9",364686,"RanBPM",36102,"ranbp9",558976,NA,NA,38057,FALSE,FALSE,"Rangel 2016-01",27849608,"N/A","13:43379458-43514882","B","Breast Cancer",15
"Atp6ap2",70495,"ATP6AP2",10159,"Atp6ap2",302526,"VhaM8.9",41104,"atp6ap2",406296,NA,NA,38097,FALSE,FALSE,"Rangel 2016-01",27849608,"N/A","X:12587801-12617049","D","Breast Cancer",1
"Vti1b",53612,"VTI1B",10490,"Vti1b",100359512,NA,NA,"vti1b",394011,NA,NA,38178,FALSE,FALSE,"Rangel 2016-01",27849608,"N/A","12:79147789-79187123","B","Breast Cancer",2
"Sos2",20663,"SOS2",6655,"Sos2",85384,NA,NA,"sos2",561670,NA,NA,38253,FALSE,FALSE,"Rangel 2016-01",27849608,"N/A","12:69593468-69622716","D","Breast Cancer",5
"Wbp4",22380,"WBP4",11193,"Wbp4",114765,"CG4291",33264,"wbp4",553723,NA,NA,38287,FALSE,FALSE,"Rangel 2016-01",27849608,"N/A","14:79459937-79481268","C","Breast Cancer",3
"Ep400",75560,"EP400",57634,"Ep400",304569,NA,NA,"si:ch211-227i14.2",562355,NA,NA,38779,FALSE,FALSE,"Chen 2017-01",28251929,"N/A","5:110693207-110769656","D","Breast Cancer",13
"Ep400",75560,"EP400",57634,"Ep400",304569,NA,NA,"si:ch211-227i14.2",562355,NA,NA,38779,FALSE,FALSE,"Rangel 2016-01",27849608,"N/A","5:110664373-110770717","C","Breast Cancer",13
"Trrap",100683,"TRRAP",8295,"Trrap",288471,"Nipped-A",35483,"trrap",557263,"TRA1",856499,39246,FALSE,FALSE,"Rangel 2016-01",27849608,"N/A","5:144767732-144859778","C","Breast Cancer",2
"Tomm70a",28185,"TOMM70A",9868,"Tomm70a",304017,"Tom70",34618,"tomm70a",572969,"TOM70",855602,40112,FALSE,FALSE,"Rangel 2016-01",27849608,"N/A","16:57121714-57154530","C","Breast Cancer",10
"Lsm14a",67070,"LSM14A",26065,"Lsm14a",361554,NA,NA,"lsm14aa",393397,NA,NA,40537,FALSE,FALSE,"Rangel 2016-01",27849608,"N/A","7:34344646-34393315","C","Breast Cancer",13
"Tcf12",21406,"TCF12",6938,"Tcf12",25720,NA,NA,"tcf12",407985,NA,NA,40774,FALSE,FALSE,"Chen 2017-01",28251929,"N/A","9:71836818-72142710","D","Breast Cancer",22
"Tcf12",21406,"TCF12",6938,"Tcf12",25720,NA,NA,"tcf12",407985,NA,NA,40774,FALSE,FALSE,"Rangel 2016-01",27849608,"N/A","9:72051438-72096931","C","Breast Cancer",22
"Slc35a3",229782,"SLC35A3",23443,"Slc35a3",310808,NA,NA,"si:ch211-228b23.2",559707,NA,NA,40826,FALSE,FALSE,"Rangel 2016-01",27849608,"N/A","3:116669470-116712831","D","Breast Cancer",7
"Lsm5",66373,"LSM5",23658,"Lsm5",306222,"CG6610",38693,"zgc:171959",563948,NA,NA,40833,FALSE,FALSE,"Chen 2017-01",28251929,"N/A","6:56480676-56969701","D","Breast Cancer",1
"Usp34",17847,"USP34",9736,"Usp34",360990,"CG5794",42935,"usp34",562779,NA,NA,40978,FALSE,FALSE,"Rangel 2016-01",27849608,"N/A","11:23354848-23408879","C","Breast Cancer",14
"Trappc8",75964,"TRAPPC8",22878,"Trappc8",291750,"l(3)76BDm",40140,"trappc8",570167,NA,NA,40993,FALSE,FALSE,"Rangel 2016-01",27849608,"N/A","18:20817224-20896078","C","Breast Cancer",7
"Pcnx",54604,"PCNX",22990,"Pcnx",314288,NA,NA,"pcnx",794337,NA,NA,40997,FALSE,FALSE,"Rangel 2016-01",27849608,"N/A","12:81860030-82000924","C","Breast Cancer",10
"Wapal",218914,"WAPAL",23063,"Wapal",290577,NA,NA,"wapala",553345,NA,NA,41002,FALSE,FALSE,"Rangel 2016-01",27849608,"N/A","14:34673928-34747983","C","Breast Cancer",15
"Dip2a",64451,"DIP2A",23181,"Dip2a",690211,NA,NA,"dip2a",100332244,NA,NA,41012,FALSE,FALSE,"Chen 2017-01",28251929,"N/A","10:76320688-76335333","B","Breast Cancer",2
"Rrp7a",74778,"RRP7A",27341,"Rrp7a",362967,"CG9107",33843,"rrp7a",550241,NA,NA,41060,FALSE,FALSE,"Rangel 2016-01",27849608,"N/A","15:83113433-83122801","D","Breast Cancer",1
"Rab10",19325,"RAB10",10890,"Rab10",50993,"Rab10",33025,"rab10",436839,NA,NA,41111,FALSE,FALSE,"Chen 2017-01",28251929,"N/A","12:3246474-3291891","B","Breast Cancer",16
"Rab10",19325,"RAB10",10890,"Rab10",50993,"Rab10",33025,"rab10",436839,NA,NA,41111,FALSE,FALSE,"Rangel 2016-01",27849608,"N/A","12:3245488-3324874","B","Breast Cancer",16
"Kdm3b",277250,"KDM3B",51780,"Kdm3b",682469,NA,NA,"wu:fe01c10",326643,NA,NA,41145,FALSE,FALSE,"Rangel 2016-01",27849608,"N/A","18:34777008-34839370","D","Breast Cancer",7
"Wac",225131,"WAC",51322,"RGD1562407",307029,NA,NA,"waca",323904,NA,NA,41148,FALSE,FALSE,"Chen 2017-01",28251929,"N/A","18:7839022-7927627","D","Breast Cancer",26
"Wac",225131,"WAC",51322,"RGD1562407",307029,NA,NA,"waca",323904,NA,NA,41148,FALSE,FALSE,"Rangel 2016-01",27849608,"N/A","18:7868832-7973547","C","Breast Cancer",26
"Rif1",51869,"RIF1",55183,"Rif1",295602,NA,NA,NA,NA,NA,NA,41231,FALSE,FALSE,"Rangel 2016-01",27849608,"N/A","2:52066258-52136034","C","Breast Cancer",3
"Erbb2ip",59079,"ERBB2IP",55914,"RGD1562952",365661,NA,NA,"erbb2ip",566811,NA,NA,41282,FALSE,FALSE,"Chen 2017-01",28251929,"N/A","13:103701775-103939258","D","Breast Cancer",22
"Erbb2ip",59079,"ERBB2IP",55914,"RGD1562952",365661,NA,NA,"erbb2ip",566811,NA,NA,41282,FALSE,FALSE,"Rangel 2016-01",27849608,"N/A","13:103818989-103868593","C","Breast Cancer",22
"Rap1gds1",229877,"RAP1GDS1",5910,"Rap1gds1",310909,"vimar",35609,"rap1gds1",100334870,NA,NA,41422,FALSE,FALSE,"Rangel 2016-01",27849608,"N/A","3:138925902-139075201","B","Breast Cancer",5
"Rbm26",74213,"RBM26",64062,"Rbm26",306137,NA,NA,"rbm26",619195,NA,NA,41468,FALSE,FALSE,"Rangel 2016-01",27849608,"N/A","14:105119468-105159199","B","Breast Cancer",11
"Sarnp",66118,"SARNP",84324,"Sarnp",362819,NA,NA,"sarnp",554106,NA,NA,41628,FALSE,FALSE,"Rangel 2016-01",27849608,"N/A","10:128610413-129056265","A","Breast Cancer",12
"Setd3",52690,"SETD3",84193,"Setd3",299295,NA,NA,"setd3",337193,NA,NA,41748,FALSE,FALSE,"Rangel 2016-01",27849608,"N/A","12:108106431-108179314","C","Breast Cancer",9
"Amotl1",75723,"AMOTL1",154810,"Amotl1",315430,NA,NA,NA,NA,NA,NA,43977,FALSE,FALSE,"Chen 2017-01",28251929,"N/A","9:14588522-14612961","A","Breast Cancer",4
"Efr3a",76740,"EFR3A",23167,"Efr3a",362923,NA,NA,"efr3a",393800,NA,NA,44222,FALSE,FALSE,"Rangel 2016-01",27849608,"N/A","15:65787034-65873816","B","Breast Cancer",2
"Lrrc1",214345,"LRRC1",55227,"Lrrc1",367113,NA,NA,"lrrc1",541316,NA,NA,44445,FALSE,FALSE,"Rangel 2016-01",27849608,"N/A","9:77430823-77544870","C","Breast Cancer",2
"Vangl1",229658,"VANGL1",81839,"Vangl1",690366,"Vang",35922,"vangl1",403076,NA,NA,44540,FALSE,FALSE,"Rangel 2016-01",27849608,"N/A","3:102153583-102204693","D","Breast Cancer",2
"Lmbrd2",320506,"LMBRD2",92255,"Lmbrd2",499539,"CG8135",41123,"lmbrd2b",335257,NA,NA,44696,FALSE,FALSE,"Rangel 2016-01",27849608,"N/A","15:9140530-9197845","C","Breast Cancer",3
"Vps37a",52348,"VPS37A",137492,"Vps37a",290775,"mod(r)",31006,"vps37a",336368,NA,NA,45120,FALSE,FALSE,"Rangel 2016-01",27849608,"N/A","8:40511783-40551134","D","Breast Cancer",4
"Tmem65",74868,"TMEM65",157378,"Tmem65",500874,NA,NA,"tmem65",100005403,NA,NA,45494,FALSE,FALSE,"Rangel 2016-01",27849608,"N/A","15:58782269-58823530","D","Breast Cancer",1
"Huwe1",59026,"HUWE1",10075,NA,NA,"CG8184",32510,"huwe1",559439,NA,NA,45994,FALSE,FALSE,"Rangel 2016-01",27849608,"N/A","X:151800807-151935417","B","Breast Cancer",9
"Fam102b",329739,"FAM102B",284611,"Fam102b",365903,NA,NA,"fam102bb",557909,NA,NA,46568,FALSE,FALSE,"Rangel 2016-01",27849608,"N/A","3:108970997-109027273","D","Breast Cancer",1
"Raf1",110157,"RAF1",5894,"Raf1",24703,NA,NA,"raf1b",557109,NA,NA,48145,FALSE,FALSE,"Rangel 2016-01",27849608,"N/A","6:115618067-115676635","D","Breast Cancer",24
"Map2k4",26398,"MAP2K4",6416,"Map2k4",287398,"Mkk4",41020,"map2k4a",403052,NA,NA,48159,FALSE,FALSE,"Rangel 2016-01",27849608,"N/A","11:65688243-65788297","C","Breast Cancer",15
"Rab14",68365,"RAB14",51552,"Rab14",94197,NA,NA,"rab14l",393656,NA,NA,48679,FALSE,FALSE,"Rangel 2016-01",27849608,"N/A","2:35180205-35201120","D","Breast Cancer",11
"Rbfox2",93686,"RBFOX2",23543,"Rbfox2",362950,NA,NA,NA,NA,NA,NA,49375,FALSE,FALSE,"Rangel 2016-01",27849608,"N/A","15:77118297-77304137","A","Breast Cancer",13
"Osbpl3",71720,"OSBPL3",26031,"Osbpl3",362360,NA,NA,"si:dkey-15j7.2",567921,NA,NA,49422,FALSE,FALSE,"Rangel 2016-01",27849608,"N/A","6:50293330-50456201","B","Breast Cancer",2
"Ago3",214150,"AGO3",192669,"Ago3",313593,NA,NA,"ago3b",568159,NA,NA,49799,FALSE,FALSE,"Rangel 2016-01",27849608,"N/A","4:126353655-126471799","B","Breast Cancer",2
"Mgarp",67749,"MGARP",84709,"Mgarp",689931,NA,NA,NA,NA,NA,NA,49858,FALSE,FALSE,"Chen 2017-01",28251929,"N/A","3:51254558-51472286","D","Breast Cancer",4
"Mgarp",67749,"MGARP",84709,"Mgarp",689931,NA,NA,NA,NA,NA,NA,49858,FALSE,FALSE,"Rangel 2016-01",27849608,"N/A","3:51233484-51542978","A","Breast Cancer",4
"Amer1",72345,"AMER1",139285,"Amer1",501584,NA,NA,NA,NA,NA,NA,51852,FALSE,FALSE,"Rangel 2016-01",27849608,"N/A","X:95420318-95444872","D","Breast Cancer",1
"Ubr3",68795,"UBR3",130507,"Ubr3",311115,"CG42593",31713,"ubr3",553247,NA,NA,52092,FALSE,FALSE,"Rangel 2016-01",27849608,"N/A","2:69807942-70048681","A","Breast Cancer",6
"Oosp2",225922,"OOSP2",219990,"Oosp2",690888,NA,NA,NA,NA,NA,NA,52157,FALSE,FALSE,"Rangel 2016-01",27849608,"N/A","19:11647279-11660559","D","Breast Cancer",1
"Cdkn2a",12578,"CDKN2A",1029,"Cdkn2a",25163,NA,NA,"LOC100329528",100329528,NA,NA,55430,FALSE,FALSE,"Rangel 2016-01",27849608,"N/A","4:89274471-89294653","C","Breast Cancer",15
"Sec11a",56529,"SEC11A",23478,"Sec11a",65166,NA,NA,"sec11a",436794,NA,NA,55536,FALSE,FALSE,"Rangel 2016-01",27849608,"N/A","7:80904889-80947780","C","Breast Cancer",6
"Dyrk1a",13548,"DYRK1A",1859,"Dyrk1a",25255,NA,NA,"dyrk1aa",100005019,NA,NA,55576,FALSE,FALSE,"Rangel 2016-01",27849608,"N/A","16:94625407-94666878","C","Breast Cancer",28
"Gsk3b",56637,"GSK3B",2932,"Gsk3b",84027,NA,NA,"gsk3b",30654,NA,NA,55629,FALSE,FALSE,"Rangel 2016-01",27849608,"N/A","16:38060555-38297796","A","Breast Cancer",28
"Nras",18176,"NRAS",4893,"Nras",24605,NA,NA,"nras",30380,NA,NA,55661,FALSE,FALSE,"Chen 2017-01",28251929,"N/A","3:102939129-103176333","D","Breast Cancer",6
"Kif3b",16569,"KIF3B",9371,"Kif3b",296284,"Klp68D",39332,"kif3b",100101641,NA,NA,55849,FALSE,FALSE,"Rangel 2016-01",27849608,"N/A","2:153291413-153333390","D","Breast Cancer",4
"Actn4",60595,"ACTN4",81,"Actn4",63836,NA,NA,"actn4",322221,NA,NA,55857,FALSE,FALSE,"Rangel 2016-01",27849608,"N/A","7:28893248-28962340","C","Breast Cancer",8
"Ptbp3",230257,"PTBP3",9991,"Ptbp3",83515,NA,NA,"ptbp3",798982,NA,NA,55872,FALSE,FALSE,"Rangel 2016-01",27849608,"N/A","4:59471868-59549364","C","Breast Cancer",12
"Smad3",17127,"SMAD3",4088,"Smad3",25631,"Smox",31738,"smad3b",326283,NA,NA,55937,FALSE,FALSE,"Suarez-Cabrera 2017-01",28108518,"N/A","9:63646767-63757994","C","Breast Cancer",10
"Capza2",12343,"CAPZA2",830,"Capza2",493810,NA,NA,NA,NA,"CAP1",853862,55956,FALSE,FALSE,"Rangel 2016-01",27849608,"N/A","6:17636234-17666972","C","Breast Cancer",9
"Sec24b",99683,"SEC24B",10427,"Sec24b",295461,NA,NA,"wu:fa16f04",334633,"SEC24",854697,55968,FALSE,FALSE,"Rangel 2016-01",27849608,"N/A","3:129982759-130061553","C","Breast Cancer",8
"Gnai3",14679,"GNAI3",2773,"Gnai3",25643,NA,NA,"gnai3",100006888,NA,NA,55975,FALSE,FALSE,"Rangel 2016-01",27849608,"N/A","3:108107280-108146146","D","Breast Cancer",10
"Mapre1",13589,"MAPRE1",22919,"Mapre1",114764,NA,NA,"mapre1b",334728,"BIM1",856736,56129,FALSE,FALSE,"Chen 2017-01",28251929,"N/A","2:153754012-153764405","D","Breast Cancer",4
"Mapre1",13589,"MAPRE1",22919,"Mapre1",114764,NA,NA,"mapre1b",334728,"BIM1",856736,56129,FALSE,FALSE,"Rangel 2016-01",27849608,"N/A","2:153741274-153773310","C","Breast Cancer",4
"App",11820,"APP",351,"App",54226,NA,NA,"appb",170846,NA,NA,56379,FALSE,FALSE,"Rangel 2016-01",27849608,"N/A","16:85010992-85262052","A","Breast Cancer",17
"Ppp3cb",19056,"PPP3CB",5532,"Ppp3cb",24675,"CanA1",43670,NA,NA,"CMP2",854946,56429,FALSE,FALSE,"Rangel 2016-01",27849608,"N/A","14:19184732-21860450","A","Breast Cancer",5
"Setd2",235626,"SETD2",29072,"Setd2",316013,NA,NA,"setd2",794199,NA,NA,56493,FALSE,FALSE,"Chen 2017-01",28251929,"N/A","9:110536348-110598368","B","Breast Cancer",21
"Ip6k1",27399,"IP6K1",9807,"Ip6k1",50560,NA,NA,"ip6k1",564478,NA,NA,56602,FALSE,FALSE,"Rangel 2016-01",27849608,"N/A","9:108002374-108059552","B","Breast Cancer",6
"Atp2c1",235574,"ATP2C1",27032,"Atp2c1",170699,"SPoCk",40495,"atp2c1",559574,"PMR1",852709,56672,FALSE,FALSE,"Rangel 2016-01",27849608,"N/A","9:105403539-105527319","C","Breast Cancer",2
"Lats2",50523,"LATS2",26524,"Lats2",305922,NA,NA,"lats2",567674,NA,NA,56678,FALSE,FALSE,"Rangel 2016-01",27849608,"N/A","14:57642077-57758388","D","Breast Cancer",11
"Agap1",347722,"AGAP1",116987,"Agap1",316611,"cenG1A",34803,"agap1",100148154,NA,NA,56689,FALSE,FALSE,"Rangel 2016-01",27849608,"N/A","1:89454806-89897617","C","Breast Cancer",3
"Smg1",233789,"SMG1",23049,"Smg1",691397,NA,NA,"smg1",569810,NA,NA,56697,FALSE,FALSE,"Rangel 2016-01",27849608,"N/A","7:118131308-118243670","C","Breast Cancer",13
"Mapk8",26419,"MAPK8",5599,"Mapk8",116554,"bsk",44801,"mapk8a",562720,NA,NA,56760,FALSE,FALSE,"Rangel 2016-01",27849608,"N/A","14:33364092-33455407","B","Breast Cancer",14
"Kif21a",16564,"KIF21A",55605,"Kif21a",300158,"Klp31E",34422,"kif21a",566481,NA,NA,56761,FALSE,FALSE,"Rangel 2016-01",27849608,"N/A","15:90967584-91085195","B","Breast Cancer",3
"Wdr33",74320,"WDR33",55339,"Wdr33",307524,NA,NA,"wdr33",449009,"PFS2",855399,56807,FALSE,FALSE,"Rangel 2016-01",27849608,"N/A","18:31804057-31908987","C","Breast Cancer",17
"Clk4",12750,"CLK4",57396,NA,NA,NA,NA,"clk4a",321857,NA,NA,56895,FALSE,FALSE,"Rangel 2016-01",27849608,"N/A","11:51261730-51281766","D","Breast Cancer",4
"Spata5",57815,"SPATA5",166378,"Spata5",361935,"CG5776",34680,"LOC100332622",100332622,NA,NA,56920,FALSE,FALSE,"Chen 2017-01",28251929,"N/A","3:37478950-37487995","D","Breast Cancer",7
"Whsc1l1",234135,"WHSC1L1",54904,"Whsc1l1",290831,NA,NA,"whsc1l1",100006350,NA,NA,56960,FALSE,FALSE,"Rangel 2016-01",27849608,"N/A","8:25601601-25719667","C","Breast Cancer",12
"Pank3",211347,"PANK3",79646,"Pank3",360511,NA,NA,NA,NA,NA,NA,56999,FALSE,FALSE,"Rangel 2016-01",27849608,"N/A","11:35769484-35791285","D","Breast Cancer",5
"Unkl",74154,"UNKL",64718,"Unkl",302987,NA,NA,"unkl",565405,NA,NA,62673,FALSE,FALSE,"Rangel 2016-01",27849608,"N/A","17:25188397-25234443","C","Breast Cancer",3
"Hiatl1",66631,"HIATL1",84641,"Hiatl1",306687,NA,NA,"LOC557306",557306,NA,NA,64464,FALSE,FALSE,"Rangel 2016-01",27849608,"N/A","13:65064663-65112975","D","Breast Cancer",1
"Pank2",74450,"PANK2",80025,"Pank2",296167,NA,NA,"pank2",570866,NA,NA,65126,FALSE,FALSE,"Rangel 2016-01",27849608,"N/A","2:131262495-131299188","C","Breast Cancer",5
"Tnrc6b",213988,"TNRC6B",23112,"Tnrc6b",192178,NA,NA,"tnrc6b",321362,NA,NA,66194,FALSE,FALSE,"Chen 2017-01",28251929,"N/A","15:80511557-81155112","C","Breast Cancer",17
"Fat1",14107,"FAT1",2195,"Fat1",83720,"kug",40191,"fat1",565591,NA,NA,66302,FALSE,FALSE,"Rangel 2016-01",27849608,"N/A","8:44929732-45084021","A","Breast Cancer",9
"Rnf217",268291,"RNF217",154214,"Rnf217",292188,NA,NA,"rnf217",567287,NA,NA,66368,FALSE,FALSE,"Rangel 2016-01",27849608,"N/A","10:31493193-31609184","C","Breast Cancer",5
"Fam135b",70363,"FAM135B",51059,"Fam135b",315069,NA,NA,"LOC100003594",100003594,NA,NA,66605,FALSE,FALSE,"Suarez-Cabrera 2017-01",28108518,"N/A","15:71445678-71727838","C","Breast Cancer",1
"Tkt",21881,"TKT",7086,"Tkt",64524,NA,NA,"LOC557518",557518,NA,NA,68154,FALSE,FALSE,"Rangel 2016-01",27849608,"N/A","14:30548359-30574722","D","Breast Cancer",3
"Hdac2",15182,"HDAC2",3066,"Hdac2",84577,NA,NA,"hdac1",192302,NA,NA,68187,FALSE,FALSE,"Rangel 2016-01",27849608,"N/A","10:36974544-37001889","D","Breast Cancer",2
"Ddr1",12305,"DDR1",780,"Ddr1",25678,NA,NA,"ddr1",100007346,NA,NA,68212,FALSE,FALSE,"Rangel 2016-01",27849608,"N/A","17:35681567-35704621","C","Breast Cancer",2
"Spop",20747,"SPOP",8405,"Spop",287643,"rdx",41704,"spop",100005514,NA,NA,68354,FALSE,FALSE,"Rangel 2016-01",27849608,"N/A","11:95414080-95493406","C","Breast Cancer",6
"Med26",70625,"MED26",9441,"Med26",306328,NA,NA,"crsp7",406332,NA,NA,68417,FALSE,FALSE,"Rangel 2016-01",27849608,"N/A","8:72494561-72548270","C","Breast Cancer",5
"Vps26a",30930,"VPS26A",9559,"Vps26a",361846,NA,NA,"vps26a",393881,NA,NA,68420,FALSE,FALSE,"Rangel 2016-01",27849608,"N/A","10:62454843-62486805","D","Breast Cancer",3
"Nup153",218210,"NUP153",9972,"Nup153",25281,NA,NA,"nup153",571621,NA,NA,68442,FALSE,FALSE,"Rangel 2016-01",27849608,"N/A","13:46679905-46727940","D","Breast Cancer",10
"Osbpl8",237542,"OSBPL8",114882,"Osbpl8",314824,"CG42668",42412,NA,NA,"OSH7",856389,68813,FALSE,FALSE,"Rangel 2016-01",27849608,"N/A","10:111164802-111297247","B","Breast Cancer",6
"Nxn",18230,"NXN",64359,"Nxn",360577,NA,NA,"nxn",553621,NA,NA,69028,FALSE,FALSE,"Chen 2017-01",28251929,"N/A","11:76210225-76474973","D","Breast Cancer",3
"Ankrd11",77087,"ANKRD11",29123,"Ankrd11",365023,NA,NA,"ankrd11",327352,NA,NA,69134,FALSE,FALSE,"Rangel 2016-01",27849608,"N/A","8:122883822-123042277","B","Breast Cancer",21
"Ankrd11",77087,"ANKRD11",29123,"Ankrd11",365023,NA,NA,"ankrd11",327352,NA,NA,69134,FALSE,FALSE,"Suarez-Cabrera 2017-01",28108518,"N/A","8:122883822-123042277","C","Breast Cancer",21
"Pum2",80913,"PUM2",23369,"Pum2",298874,NA,NA,NA,NA,NA,NA,69183,FALSE,FALSE,"Rangel 2016-01",27849608,"N/A","12:8702820-8736763","B","Breast Cancer",18
"Mctp2",244049,"MCTP2",55784,"Mctp2",308742,NA,NA,"mctp2a",562393,NA,NA,69254,FALSE,FALSE,"Rangel 2016-01",27849608,"N/A","7:72271182-72305889","D","Breast Cancer",4
"Tbl1xr1",81004,"TBL1XR1",79718,"Tbl1xr1",365755,NA,NA,NA,NA,NA,NA,69382,FALSE,FALSE,"Rangel 2016-01",27849608,"N/A","3:22131085-22192898","A","Breast Cancer",14
"Ccdc50",67501,NA,NA,"Ccdc50",288022,NA,NA,"si:ch73-6k16.1",566408,NA,NA,69406,FALSE,FALSE,"Rangel 2016-01",27849608,"N/A","16:27388869-27452218","C","Breast Cancer",4
"Cant1",76025,"CANT1",124583,"Cant1",246272,"CG5276",41373,"cant1a",406558,NA,NA,69460,FALSE,FALSE,"Rangel 2016-01",27849608,"N/A","11:118400062-118442605","C","Breast Cancer",1
"Smek1",68734,"SMEK1",55671,"Smek1",314388,NA,NA,"smek1",558578,NA,NA,69510,FALSE,FALSE,"Rangel 2016-01",27849608,"N/A","12:101053186-101073260","C","Breast Cancer",16
"Hnrnpc",15381,"HNRNPC",3183,"Hnrnpc",290046,NA,NA,NA,NA,NA,NA,74524,FALSE,FALSE,"Rangel 2016-01",27849608,"N/A","14:52073380-52104028","D","Breast Cancer",14
"Pcbp2",18521,"PCBP2",5094,"Pcbp2",363005,NA,NA,"pcbp2",321844,NA,NA,74536,FALSE,FALSE,"Chen 2017-01",28251929,"N/A","15:102479858-102505892","A","Breast Cancer",11
"Pcbp2",18521,"PCBP2",5094,"Pcbp2",363005,NA,NA,"pcbp2",321844,NA,NA,74536,FALSE,FALSE,"Rangel 2016-01",27849608,"N/A","15:102470632-102500059","D","Breast Cancer",11
"Csnk1d",104318,"CSNK1D",1453,"Csnk1d",64462,NA,NA,"csnk1db",406533,"HRR25",855897,74841,FALSE,FALSE,"Rangel 2016-01",27849608,"N/A","11:120954050-120989273","C","Breast Cancer",12
"Atp11a",50770,"ATP11A",23250,"Atp11a",306600,NA,NA,"atp11a",562925,NA,NA,75050,FALSE,FALSE,"Rangel 2016-01",27849608,"N/A","8:12757014-12868728","C","Breast Cancer",2
"Cept1",99712,"CEPT1",10390,"Cept1",310773,NA,NA,"cept1b",570720,NA,NA,81624,FALSE,FALSE,"Rangel 2016-01",27849608,"N/A","3:106502260-106547802","C","Breast Cancer",7
"Btbd8",100503185,"BTBD8",284697,NA,NA,NA,NA,NA,NA,NA,NA,82388,FALSE,FALSE,"Rangel 2016-01",27849608,"N/A","5:107437997-107511207","D","Breast Cancer",1
"Ube2e1",22194,"UBE2E1",7324,"Ube2e1",100366017,NA,NA,"ube2e1",563542,NA,NA,84372,FALSE,FALSE,"Rangel 2016-01",27849608,"N/A","14:18282722-18331859","D","Breast Cancer",4
"Atad2b",320817,"ATAD2B",54454,NA,NA,NA,NA,"atad2b",100331225,NA,NA,86351,FALSE,FALSE,"Rangel 2016-01",27849608,"N/A","12:4872336-5108823","A","Breast Cancer",16
"Wasf2",242687,"WASF2",10163,NA,NA,NA,NA,"wasf2",394056,NA,NA,86743,FALSE,FALSE,"Chen 2017-01",28251929,"N/A","4:132824371-133749342","D","Breast Cancer",11
"Nlk",18099,"NLK",51701,"Nlk",497961,"nmo",38890,"nlk2",563460,NA,NA,88836,FALSE,FALSE,"Rangel 2016-01",27849608,"N/A","11:78567168-78697373","C","Breast Cancer",2
"Csnk2a1",12995,"CSNK2A1",1457,"Csnk2a1",116549,"CkIIalpha",48448,"LOC100535532",100535532,"CKA2",854227,90874,FALSE,FALSE,"Rangel 2016-01",27849608,"N/A","2:152226839-152281852","D","Breast Cancer",15
"Osbp",76303,"OSBP",5007,"Osbp",365410,NA,NA,"osbp",564372,NA,NA,97668,FALSE,FALSE,"Rangel 2016-01",27849608,"N/A","19:11965844-11994105","D","Breast Cancer",4
"Kcmf1",74287,"KCMF1",56888,"Kcmf1",684322,NA,NA,"kcmf1",393927,NA,NA,99845,FALSE,FALSE,"Rangel 2016-01",27849608,"N/A","6:72841114-72899979","C","Breast Cancer",10
"Luc7l",66978,"LUC7L",55692,"Luc7l",360503,NA,NA,"luc7l",415206,"LUC7",851471,100558,FALSE,FALSE,"Rangel 2016-01",27849608,"N/A","17:26252910-26285504","C","Breast Cancer",11
"Fryl",72313,"FRYL",285527,"Fryl",364144,"fry",39122,"fryl",558173,NA,NA,103956,FALSE,FALSE,"Chen 2017-01",28251929,"N/A","5:72955937-73420140","D","Breast Cancer",11
"Nptn",20320,NA,NA,NA,NA,NA,NA,"nptna",368305,NA,NA,105617,FALSE,FALSE,"Chen 2017-01",28251929,"N/A","9:58600159-58611225","D","Breast Cancer",7
"Csnk1a1",93687,"CSNK1A1",1452,"Csnk1a1",113927,"CkIalpha",32221,"LOC100334765",100334765,NA,NA,111694,FALSE,FALSE,"Rangel 2016-01",27849608,"N/A","18:61555274-61590061","D","Breast Cancer",17
"Arfgef2",99371,"ARFGEF2",10564,"Arfgef2",296380,NA,NA,"arfgef2",100334572,NA,NA,111880,FALSE,FALSE,"Rangel 2016-01",27849608,"N/A","2:166805588-166898052","D","Breast Cancer",4
"Rfwd2",26374,"RFWD2",64326,"Rfwd2",360860,NA,NA,"rfwd2",100037391,NA,NA,115565,FALSE,FALSE,"Rangel 2016-01",27849608,"N/A","1:159232320-159347640","D","Breast Cancer",9
"Fam228b",207921,"FAM228B",375190,"Fam228b",100363146,NA,NA,"fam228a",569576,NA,NA,116108,FALSE,FALSE,"Rangel 2016-01",27849608,"N/A","12:4746216-4769267","D","Breast Cancer",2
"Fbxw7",50754,"FBXW7",55294,"Fbxw7",100360914,NA,NA,"fbxw7",564991,NA,NA,117451,FALSE,FALSE,"Chen 2017-01",28251929,"N/A","3:84822775-84975726","A","Breast Cancer",18
"Fbxw7",50754,"FBXW7",55294,"Fbxw7",100360914,NA,NA,"fbxw7",564991,NA,NA,117451,FALSE,FALSE,"Rangel 2016-01",27849608,"N/A","3:84838431-84891433","B","Breast Cancer",18
"Ube2d3",66105,"UBE2D3",7323,"Ube2d3",81920,NA,NA,"ube2d3",321832,NA,NA,123914,FALSE,FALSE,"Rangel 2016-01",27849608,"N/A","3:135438149-135468198","D","Breast Cancer",15
"Siglec1",20612,"SIGLEC1",6614,"Siglec1",311426,NA,NA,NA,NA,NA,NA,124458,FALSE,FALSE,"Rangel 2016-01",27849608,"N/A","2:130512469-131700335","A","Breast Cancer",1
"Cdk12",69131,"CDK12",51755,"Cdk12",192350,NA,NA,NA,NA,NA,NA,128632,FALSE,FALSE,"Rangel 2016-01",27849608,"N/A","11:98203059-98278504","D","Breast Cancer",12
"Tlk1",228012,"TLK1",9874,NA,NA,NA,NA,"tlk1a",557765,NA,NA,130657,FALSE,FALSE,"Rangel 2016-01",27849608,"N/A","2:70712407-70825728","B","Breast Cancer",14
"Cox7b2",78174,NA,NA,"Cox7b2",100361960,NA,NA,NA,NA,NA,NA,130780,FALSE,FALSE,"Rangel 2016-01",27849608,"N/A","5:71467210-71467212","B","Breast Cancer",1
"Cpsf6",432508,"CPSF6",11052,"Cpsf6",299811,NA,NA,NA,NA,NA,NA,134126,FALSE,FALSE,"Rangel 2016-01",27849608,"N/A","10:117344673-117380015","D","Breast Cancer",10
"Xpr1",19775,"XPR1",9213,"Xpr1",289424,"CG10483",38666,"si:dkey-6n6.7",100170805,"SYG1",854764,134226,FALSE,FALSE,"Rangel 2016-01",27849608,"N/A","1:155275701-155417415","D","Breast Cancer",3
"Nedd4",17999,NA,NA,"Nedd4",25489,NA,NA,"nedd4a",619412,NA,NA,134533,FALSE,FALSE,"Chen 2017-01",28251929,"N/A","9:72699237-72806265","C","Breast Cancer",13
"Top2b",21974,"TOP2B",7155,"Top2b",361100,NA,NA,"top2b",569877,"TOP2",855636,134711,FALSE,FALSE,"Rangel 2016-01",27849608,"N/A","14:16365179-16430787","C","Breast Cancer",7
"Cdk13",69562,"CDK13",8621,"Cdk13",306998,NA,NA,NA,NA,NA,NA,135707,FALSE,FALSE,"Chen 2017-01",28251929,"N/A","13:17774054-17802413","B","Breast Cancer",19
"Smarca4",20586,"SMARCA4",6597,"Smarca4",171379,NA,NA,"smarca4a",353295,NA,NA,135927,FALSE,FALSE,"Rangel 2016-01",27849608,"N/A","9:21616169-21704217","D","Breast Cancer",10
"Brd4",57261,NA,NA,NA,NA,NA,NA,NA,NA,NA,NA,136213,FALSE,FALSE,"Rangel 2016-01",27849608,"N/A","17:32229153-32291662","B","Breast Cancer",21
"Fip1l1",66899,NA,NA,NA,NA,NA,NA,NA,NA,NA,NA,136254,FALSE,FALSE,"Rangel 2016-01",27849608,"N/A","5:74535449-74598800","C","Breast Cancer",12
"Ubap2l",74383,NA,NA,NA,NA,NA,NA,NA,NA,NA,NA,136291,FALSE,FALSE,"Rangel 2016-01",27849608,"N/A","3:90000140-90052628","C","Breast Cancer",10
"Rbbp6",19647,"RBBP6",5930,"Rbbp6",308968,NA,NA,NA,NA,NA,NA,136812,FALSE,FALSE,"Rangel 2016-01",27849608,"N/A","7:122965686-123002557","D","Breast Cancer",9
"Ncoa6",56406,NA,NA,NA,NA,NA,NA,NA,NA,NA,NA,137337,FALSE,FALSE,"Rangel 2016-01",27849608,"N/A","2:155390665-155473894","D","Breast Cancer",11
"Ap2b1",71770,NA,NA,"LOC100912146",100912146,NA,NA,NA,NA,NA,NA,137384,FALSE,FALSE,"Rangel 2016-01",27849608,"N/A","11:83299024-83405035","C","Breast Cancer",7
"Cdcp2",242603,"CDCP2",200008,NA,NA,NA,NA,NA,NA,NA,NA,138406,FALSE,FALSE,"Rangel 2016-01",27849608,"N/A","4:106649309-107569436","A","Breast Cancer",2
"Ep300",328572,"EP300",2033,"Ep300",170915,NA,NA,"ep300b",565612,NA,NA,1094,FALSE,FALSE,"Chen 2017-01",28251929,"N/A","15:81638222-81645449","C","Breast Cancer",15
"Jup",16480,"JUP",3728,"Jup",81679,NA,NA,"LOC100330886",100330886,NA,NA,1680,FALSE,FALSE,"Rangel 2016-01",27849608,"N/A","11:100362309-100410402","B","Breast Cancer",3
"Zfx",22764,"ZFX",7543,"Zfx",367832,NA,NA,"zfx",560346,NA,NA,2561,FALSE,FALSE,"Rangel 2016-01",27849608,"N/A","X:94079700-94098762","C","Breast Cancer",13
"Uso1",56041,"USO1",8615,"Uso1",56042,"p115",31698,"uso1",393124,"USO1",851501,2754,FALSE,FALSE,"Rangel 2016-01",27849608,"N/A","5:92186314-92222336","C","Breast Cancer",6
"Tgfbr1",21812,"TGFBR1",7046,"Tgfbr1",29591,"babo",35900,"tgfbr1a",560578,NA,NA,3177,FALSE,FALSE,"Chen 2017-01",28251929,"N/A","4:47357024-47408583","B","Breast Cancer",4
"Cltc",67300,"CLTC",1213,"Cltc",54241,"Chc",32537,"cltca",323579,"CHC1",852666,3572,FALSE,FALSE,"Rangel 2016-01",27849608,"N/A","11:86694351-86757565","C","Breast Cancer",18
"Actr2",66713,"ACTR2",10097,"Actr2",289820,"Arp2",32623,"actr2a",406820,"ARP2",851532,4181,FALSE,FALSE,"Rangel 2016-01",27849608,"N/A","11:20062304-20112913","D","Breast Cancer",8
"Caprin1",53872,"CAPRIN1",4076,"Caprin1",362173,NA,NA,"caprin1a",445090,NA,NA,4310,FALSE,FALSE,"Rangel 2016-01",27849608,"N/A","2:103762941-103797649","D","Breast Cancer",11
"Rbm14",56275,"RBM14",10432,"LOC100911677",100911677,NA,NA,NA,NA,NA,NA,4614,FALSE,FALSE,"Chen 2017-01",28251929,"N/A","19:4771734-4799910","B","Breast Cancer",9
"Arl6ip5",65106,"ARL6IP5",10550,"Arl6ip5",66028,"Jwa",35128,"arl6ip5b",436790,NA,NA,4673,FALSE,FALSE,"Rangel 2016-01",27849608,"N/A","6:97210689-97233315","C","Breast Cancer",4
"Tmem165",21982,"TMEM165",55858,"Tmem165",364137,"CG42542",8674000,"tmem165",324501,"GDT1",852485,5411,FALSE,FALSE,"Rangel 2016-01",27849608,"N/A","5:76183880-76209245","D","Breast Cancer",3
"St3gal3",20441,"ST3GAL3",6487,"St3gal3",64445,NA,NA,"st3gal3b",407659,NA,NA,7539,FALSE,FALSE,"Rangel 2016-01",27849608,"N/A","4:117932154-118134914","B","Breast Cancer",5
"Rybp",56353,"RYBP",23429,NA,NA,NA,NA,"rybpb",497613,NA,NA,8159,FALSE,FALSE,"Chen 2017-01",28251929,"N/A","6:100256328-100258472","C","Breast Cancer",12
"Fchsd2",207278,"FCHSD2",9873,"Fchsd2",308864,"nwk",39052,"LOC100536453",100536453,NA,NA,8887,FALSE,FALSE,"Rangel 2016-01",27849608,"N/A","7:101092863-101284405","B","Breast Cancer",12
"Baiap2",108100,"BAIAP2",10458,"Baiap2",117542,NA,NA,"baiap2b",100537012,NA,NA,9697,FALSE,FALSE,"Rangel 2016-01",27849608,"N/A","11:119942763-120006782","C","Breast Cancer",7
"Hmbox1",219150,"HMBOX1",79618,"Hmbox1",305968,NA,NA,"hmbox1a",571508,NA,NA,11589,FALSE,FALSE,"Rangel 2016-01",27849608,"N/A","14:64636341-65165062","A","Breast Cancer",9
"Slc25a46",67453,"SLC25A46",91137,"Slc25a46",291709,"CG8931",32564,"slc25a46",436831,NA,NA,14518,FALSE,FALSE,"Rangel 2016-01",27849608,"N/A","18:31580168-31609902","C","Breast Cancer",4
"Tmem150a",232086,"TMEM150A",129303,"Tmem150a",245966,NA,NA,"zgc:66242",393483,NA,NA,16378,FALSE,FALSE,"Rangel 2016-01",27849608,"N/A","6:72355447-72359762","D","Breast Cancer",4
"Megf9",230316,"MEGF9",1955,"Megf9",313270,NA,NA,"LOC560805",560805,NA,NA,18209,FALSE,FALSE,"Rangel 2016-01",27849608,"N/A","4:70427065-70534995","B","Breast Cancer",4
"C2cd2",207781,"C2CD2",25966,"C2cd2",304055,NA,NA,"LOC100332559",100332559,NA,NA,18368,FALSE,FALSE,"Rangel 2016-01",27849608,"N/A","16:97855210-97922633","C","Breast Cancer",6
"Ubac2",68889,"UBAC2",337867,"Ubac2",361094,NA,NA,"zgc:158645",556047,NA,NA,18642,FALSE,FALSE,"Rangel 2016-01",27849608,"N/A","14:121878606-122021034","C","Breast Cancer",7
"Sh3d19",27059,"SH3D19",152503,"Sh3d19",295171,NA,NA,"sh3d19",553811,NA,NA,19064,FALSE,FALSE,"Rangel 2016-01",27849608,"N/A","3:85971109-86130526","D","Breast Cancer",5
"Stag1",20842,"STAG1",10274,"Stag1",315958,"SA",33974,"stag1a",564533,NA,NA,21191,FALSE,FALSE,"Chen 2017-01",28251929,"N/A","9:100133108-101473314","D","Breast Cancer",12
"Stag1",20842,"STAG1",10274,"Stag1",315958,"SA",33974,"stag1a",564533,NA,NA,21191,FALSE,FALSE,"Rangel 2016-01",27849608,"N/A","9:100303530-101151846","A","Breast Cancer",12
"Pdlim5",56376,"PDLIM5",10611,"Pdlim5",64353,NA,NA,"pdlim5a",436927,NA,NA,21289,FALSE,FALSE,"Rangel 2016-01",27849608,"N/A","3:142239590-142395693","B","Breast Cancer",13
"Magi3",99470,"MAGI3",260425,"Magi3",245903,NA,NA,"magi3",561689,NA,NA,26431,FALSE,FALSE,"Rangel 2016-01",27849608,"N/A","3:104013259-104220374","B","Breast Cancer",13
"Epc2",227867,"EPC2",26122,"Epc2",362132,NA,NA,"epc2",394050,NA,NA,32274,FALSE,FALSE,"Rangel 2016-01",27849608,"N/A","2:49451486-49551948","B","Breast Cancer",17
"Mkl1",223701,"MKL1",57591,"Mkl1",315151,NA,NA,"mkl1b",559638,NA,NA,32487,FALSE,FALSE,"Rangel 2016-01",27849608,"N/A","15:81091936-81215647","A","Breast Cancer",13
"Ndel1",83431,"NDEL1",81565,"Ndel1",170845,"nudE",39169,"ndel1a",394244,NA,NA,32567,FALSE,FALSE,"Rangel 2016-01",27849608,"N/A","11:68821434-68871858","D","Breast Cancer",5
"Rdx",19684,"RDX",5962,"Rdx",315655,NA,NA,"msna",286739,NA,NA,37707,FALSE,FALSE,"Chen 2017-01",28251929,"N/A","9:52056715-52057104","D","Breast Cancer",4
"Papd4",100715,"PAPD4",167153,"Papd4",361878,NA,NA,"LOC100333585",100333585,NA,NA,44022,FALSE,FALSE,"Rangel 2016-01",27849608,"N/A","13:93147400-93192283","D","Breast Cancer",9
"Kmt2c",231051,"KMT2C",58508,"Kmt2c",502710,NA,NA,"kmt2ca",560793,NA,NA,46480,FALSE,FALSE,"Rangel 2016-01",27849608,"N/A","5:25377859-25484263","B","Breast Cancer",19
"Stat5b",20851,"STAT5B",6777,"Stat5b",25126,NA,NA,"stat5.2",445474,NA,NA,55718,FALSE,FALSE,"Chen 2017-01",28251929,"N/A","11:100836209-100847080","A","Breast Cancer",21
"Ppp2r5e",26932,"PPP2R5E",5529,"Ppp2r5e",299147,"wdb",43312,"ppp2r5ea",373881,NA,NA,55962,FALSE,FALSE,"Rangel 2016-01",27849608,"N/A","12:75369470-75754599","A","Breast Cancer",17
"Tcea1",21399,"TCEA1",6917,"Tcea1",362479,NA,NA,"tcea1",336105,NA,NA,55984,FALSE,FALSE,"Rangel 2016-01",27849608,"N/A","1:4857814-4897909","D","Breast Cancer",6
"Kdm2a",225876,"KDM2A",22992,"Kdm2a",361700,"Kdm2",41090,"kdm2aa",571851,NA,NA,56564,FALSE,FALSE,"Rangel 2016-01",27849608,"N/A","19:4314419-4398285","C","Breast Cancer",13
"Dhx32",101437,"DHX32",55760,"Dhx32",361667,NA,NA,"dhx32",558937,NA,NA,56798,FALSE,FALSE,"Rangel 2016-01",27849608,"N/A","7:133720942-133782726","D","Breast Cancer",3
"Zdhhc20",75965,"ZDHHC20",253832,"Zdhhc20",305923,"CG1407",36043,"LOC100001188",100001188,NA,NA,57105,FALSE,FALSE,"Rangel 2016-01",27849608,"N/A","14:57832702-57890262","D","Breast Cancer",3
"Msi2",76626,"MSI2",124540,"Msi2",360596,"Rbp6",39919,"msi2b",394084,NA,NA,62199,FALSE,FALSE,"Rangel 2016-01",27849608,"N/A","11:88339382-88718513","B","Breast Cancer",8
"Rrbp1",81910,NA,NA,"Rrbp1",311483,NA,NA,"rrbp1b",567029,NA,NA,68138,FALSE,FALSE,"Rangel 2016-01",27849608,"N/A","2:143947395-144011263","C","Breast Cancer",12
"Reep5",13476,"REEP5",7905,"Reep5",364838,"CG8331",36569,"reep5",337237,"YOP1",856140,68479,FALSE,FALSE,"Rangel 2016-01",27849608,"N/A","18:34200064-34555344","A","Breast Cancer",5
"Mark2",13728,"MARK2",2011,"Mark2",60328,NA,NA,"mark2b",100005996,NA,NA,69013,FALSE,FALSE,"Rangel 2016-01",27849608,"N/A","19:7275396-7341860","C","Breast Cancer",12
"Ctbp2",13017,"CTBP2",1488,"Ctbp2",81717,"CtBP",41602,"ctbp2a",65230,NA,NA,75187,FALSE,FALSE,"Rangel 2016-01",27849608,"N/A","7:132987563-133124354","C","Breast Cancer",12
"Itch",16396,"ITCH",83737,"Itch",311567,NA,NA,"itch",100331274,NA,NA,88442,FALSE,FALSE,"Rangel 2016-01",27849608,"N/A","2:155133509-155226855","C","Breast Cancer",12
"Hsd17b12",56348,"HSD17B12",51144,"Hsd17b12",84013,"CG1444",31703,"hsd17b12b",322626,"IFA38",852456,95094,FALSE,FALSE,"Chen 2017-01",28251929,"N/A","2:94132058-94134933","D","Breast Cancer",11
"Hsd17b12",56348,"HSD17B12",51144,"Hsd17b12",84013,"CG1444",31703,"hsd17b12b",322626,"IFA38",852456,95094,FALSE,FALSE,"Rangel 2016-01",27849608,"N/A","2:94032689-94157964","C","Breast Cancer",11
"Arih1",23806,"ARIH1",25820,"Arih1",300756,"ari-1",32796,"arih1l",405859,NA,NA,111871,FALSE,FALSE,"Rangel 2016-01",27849608,"N/A","9:59418146-59492633","C","Breast Cancer",20
"Psme4",103554,"PSME4",23198,"Psme4",498433,NA,NA,"LOC100535277",100535277,NA,NA,113742,FALSE,FALSE,"Rangel 2016-01",27849608,"N/A","11:30771726-30880361","B","Breast Cancer",10
"Vmn2r84",625068,NA,NA,NA,NA,NA,NA,NA,NA,NA,NA,129606,FALSE,FALSE,"Rangel 2016-01",27849608,"N/A","10:130417772-130429612","D","Breast Cancer",4
"Gm6910",628746,"RYBP",23429,NA,NA,NA,NA,"rybpb",497613,NA,NA,8159,FALSE,FALSE,"Chen 2017-01",28251929,"N/A","6:100256328-100258472","C","Breast Cancer",12
"Vmn2r86",625109,NA,NA,NA,NA,NA,NA,NA,NA,NA,NA,129606,FALSE,FALSE,"Rangel 2016-01",27849608,"N/A","10:130417772-130429612","D","Breast Cancer",4
"Vmn2r85",623734,NA,NA,NA,NA,NA,NA,NA,NA,NA,NA,129606,FALSE,FALSE,"Rangel 2016-01",27849608,"N/A","10:130417772-130429612","D","Breast Cancer",4
"Vmn2r87",625131,NA,NA,NA,NA,NA,NA,NA,NA,NA,NA,129606,FALSE,FALSE,"Rangel 2016-01",27849608,"N/A","10:130417772-130429612","D","Breast Cancer",4
"Vmn2r121",100038941,NA,NA,NA,NA,NA,NA,NA,NA,NA,NA,129606,FALSE,FALSE,"Rangel 2016-01",27849608,"N/A","10:130417772-130429612","D","Breast Cancer",4
"Vmn2r88",669149,NA,NA,NA,NA,NA,NA,NA,NA,NA,NA,129606,FALSE,FALSE,"Rangel 2016-01",27849608,"N/A","10:130417772-130429612","D","Breast Cancer",4
"Gm14496",672125,NA,NA,NA,NA,NA,NA,NA,NA,NA,NA,129606,FALSE,FALSE,"Rangel 2016-01",27849608,"N/A","10:130417772-130429612","D","Breast Cancer",4
"Vmn2r10",22307,NA,NA,NA,NA,NA,NA,NA,NA,NA,NA,129606,FALSE,FALSE,"Rangel 2016-01",27849608,"N/A","10:130417772-130429612","D","Breast Cancer",4
"Vmn2r8",627479,NA,NA,NA,NA,NA,NA,NA,NA,NA,NA,129606,FALSE,FALSE,"Rangel 2016-01",27849608,"N/A","10:130417772-130429612","D","Breast Cancer",4
"Vmn2r9",435864,NA,NA,NA,NA,NA,NA,NA,NA,NA,NA,129606,FALSE,FALSE,"Rangel 2016-01",27849608,"N/A","10:130417772-130429612","D","Breast Cancer",4
"Vmn2r11",384219,NA,NA,NA,NA,NA,NA,NA,NA,NA,NA,129606,FALSE,FALSE,"Rangel 2016-01",27849608,"N/A","10:130417772-130429612","D","Breast Cancer",4
"Vmn2r14",231591,NA,NA,NA,NA,NA,NA,NA,NA,NA,NA,129606,FALSE,FALSE,"Rangel 2016-01",27849608,"N/A","10:130417772-130429612","D","Breast Cancer",4
"Vmn2r12",627569,NA,NA,NA,NA,NA,NA,NA,NA,NA,NA,129606,FALSE,FALSE,"Rangel 2016-01",27849608,"N/A","10:130417772-130429612","D","Breast Cancer",4
"Vmn2r13",231589,NA,NA,NA,NA,NA,NA,NA,NA,NA,NA,129606,FALSE,FALSE,"Rangel 2016-01",27849608,"N/A","10:130417772-130429612","D","Breast Cancer",4
"Vmn2r15",211223,NA,NA,NA,NA,NA,NA,NA,NA,NA,NA,129606,FALSE,FALSE,"Rangel 2016-01",27849608,"N/A","10:130417772-130429612","D","Breast Cancer",4
"Vmn2r122",22308,NA,NA,NA,NA,NA,NA,NA,NA,NA,NA,129606,FALSE,FALSE,"Rangel 2016-01",27849608,"N/A","10:130417772-130429612","D","Breast Cancer",4
NA,NA,NA,NA,NA,NA,NA,NA,NA,NA,NA,NA,NA,FALSE,FALSE,"Chen 2017-01",28251929,"N/A","6:31083207-31413453","D","Breast Cancer",54
NA,NA,NA,NA,NA,NA,NA,NA,NA,NA,NA,NA,NA,FALSE,FALSE,"Rangel 2016-01",27849608,"N/A","16:17651221-17722930","D","Breast Cancer",54
